-- phpMyAdmin SQL Dump
-- version 5.1.0
-- https://www.phpmyadmin.net/
--
-- Host: 127.0.0.1
-- Generation Time: Jul 26, 2021 at 09:11 AM
-- Server version: 10.4.18-MariaDB
-- PHP Version: 7.4.18

SET SQL_MODE = "NO_AUTO_VALUE_ON_ZERO";
START TRANSACTION;
SET time_zone = "+00:00";


/*!40101 SET @OLD_CHARACTER_SET_CLIENT=@@CHARACTER_SET_CLIENT */;
/*!40101 SET @OLD_CHARACTER_SET_RESULTS=@@CHARACTER_SET_RESULTS */;
/*!40101 SET @OLD_COLLATION_CONNECTION=@@COLLATION_CONNECTION */;
/*!40101 SET NAMES utf8mb4 */;

--
-- Database: `rir_pilla`
--

-- --------------------------------------------------------

--
-- Table structure for table `farmer`
--

CREATE TABLE `farmer` (
  `id` int(32) NOT NULL,
  `name` varchar(255) NOT NULL,
  `firstname` varchar(255) NOT NULL,
  `secondaryname` varchar(255) NOT NULL,
  `lastname` varchar(255) NOT NULL,
  `phone` varchar(255) NOT NULL,
  `inn` varchar(255) DEFAULT NULL,
  `region_id` int(11) NOT NULL,
  `district_id` int(11) NOT NULL,
  `village_id` int(11) NOT NULL,
  `address` varchar(255) NOT NULL,
  `total_crop_area` varchar(255) NOT NULL,
  `tut_talab` int(11) DEFAULT NULL,
  `tut_amalda` int(11) DEFAULT NULL,
  `tut_yetishmaydi` int(11) DEFAULT NULL,
  `tut_samaradorlik` varchar(255) DEFAULT NULL,
  `pilla_reja` varchar(255) DEFAULT NULL,
  `pilla_amalda` varchar(255) DEFAULT NULL,
  `pilla_farqi` varchar(255) DEFAULT NULL,
  `jarima_jami` varchar(255) DEFAULT NULL,
  `jarima_tulandi` varchar(255) DEFAULT NULL,
  `jarima_qoldiq` varchar(255) DEFAULT NULL,
  `shartnoma_number` varchar(255) DEFAULT NULL,
  `shartnoma_date` date DEFAULT NULL,
  `shartnoma_quti` varchar(255) DEFAULT NULL,
  `shartnoma_hom_pilla` varchar(255) DEFAULT NULL,
  `shartnoma_farqi` varchar(255) DEFAULT NULL,
  `kasanachilar_soni` int(11) NOT NULL DEFAULT 0,
  `created` datetime NOT NULL DEFAULT current_timestamp(),
  `updated` datetime NOT NULL DEFAULT current_timestamp() ON UPDATE current_timestamp(),
  `status` int(11) NOT NULL DEFAULT 1,
  `setting` text DEFAULT NULL,
  `agronom_id` int(32) NOT NULL,
  `tap_id` int(32) NOT NULL,
  `klaster_id` int(32) NOT NULL
) ENGINE=InnoDB DEFAULT CHARSET=utf8mb4;

-- --------------------------------------------------------

--
-- Table structure for table `kasanachi`
--

CREATE TABLE `kasanachi` (
  `id` int(64) NOT NULL,
  `passport` varchar(255) NOT NULL,
  `pasport_pnfl` varchar(255) DEFAULT NULL,
  `pasport_muddat` varchar(255) NOT NULL,
  `inps` varchar(255) DEFAULT NULL,
  `inn` varchar(255) DEFAULT NULL,
  `passport_kim_tomonidan` varchar(255) NOT NULL,
  `passport_file` varchar(255) DEFAULT NULL,
  `ariza` int(11) NOT NULL DEFAULT 0,
  `imzo` int(11) NOT NULL DEFAULT 0,
  `firstname` varchar(255) NOT NULL,
  `secondaryname` varchar(255) NOT NULL,
  `lastname` varchar(255) NOT NULL,
  `birthday` date NOT NULL,
  `gender` int(11) NOT NULL,
  `phone` varchar(255) NOT NULL,
  `phone_second` varchar(255) DEFAULT NULL,
  `region_id` int(11) NOT NULL,
  `district_id` int(11) NOT NULL,
  `village_id` int(32) NOT NULL,
  `address` varchar(255) NOT NULL,
  `kontur` varchar(500) DEFAULT NULL,
  `area` varchar(255) NOT NULL,
  `area_good` varchar(255) DEFAULT NULL,
  `area_middle` varchar(255) DEFAULT NULL,
  `area_backward` varchar(255) DEFAULT NULL,
  `area_careless` varchar(255) DEFAULT NULL,
  `area_open` varchar(255) DEFAULT NULL,
  `contract_number` varchar(255) DEFAULT NULL,
  `contract_date` varchar(255) DEFAULT NULL,
  `contract_quti` varchar(255) DEFAULT NULL,
  `contract_hom_pilla` varchar(255) DEFAULT NULL,
  `contract_accept` varchar(255) DEFAULT NULL,
  `pilla_reja` varchar(255) DEFAULT NULL,
  `pilla_amalda` varchar(255) DEFAULT NULL,
  `pilla_farqi` varchar(255) DEFAULT NULL,
  `avans` varchar(255) DEFAULT NULL,
  `jarima_jami` varchar(255) DEFAULT NULL,
  `jarima_tulandi` varchar(255) DEFAULT NULL,
  `jarima_qoldiq` varchar(255) DEFAULT NULL,
  `tutzor_sxema_id` int(11) DEFAULT NULL,
  `tutzor_zaruriy_kuchat` varchar(255) DEFAULT NULL,
  `tutzor_amalda` varchar(255) DEFAULT NULL,
  `tutzor_yetishmaydi` varchar(255) DEFAULT NULL,
  `pilla_yetishtirish` varchar(255) DEFAULT NULL,
  `tutzor_xolati` varchar(255) DEFAULT NULL,
  `samaradorlik` varchar(255) DEFAULT NULL,
  `lat` varchar(255) DEFAULT NULL,
  `lng` varchar(255) DEFAULT NULL,
  `latlng` text DEFAULT NULL,
  `ekinlar_asosiy` varchar(255) DEFAULT NULL,
  `ekinlar_takroriy` varchar(255) DEFAULT NULL,
  `setting_api` text DEFAULT NULL,
  `setting` text DEFAULT NULL,
  `status` int(11) DEFAULT NULL,
  `review` text DEFAULT NULL,
  `agronom_id` int(32) NOT NULL,
  `tap_id` int(32) NOT NULL,
  `klaster_id` int(32) NOT NULL,
  `created` datetime NOT NULL DEFAULT current_timestamp(),
  `updated` datetime NOT NULL DEFAULT current_timestamp() ON UPDATE current_timestamp()
) ENGINE=InnoDB DEFAULT CHARSET=utf8mb4;

--
-- Dumping data for table `kasanachi`
--

INSERT INTO `kasanachi` (`id`, `passport`, `pasport_pnfl`, `pasport_muddat`, `inps`, `inn`, `passport_kim_tomonidan`, `passport_file`, `ariza`, `imzo`, `firstname`, `secondaryname`, `lastname`, `birthday`, `gender`, `phone`, `phone_second`, `region_id`, `district_id`, `village_id`, `address`, `kontur`, `area`, `area_good`, `area_middle`, `area_backward`, `area_careless`, `area_open`, `contract_number`, `contract_date`, `contract_quti`, `contract_hom_pilla`, `contract_accept`, `pilla_reja`, `pilla_amalda`, `pilla_farqi`, `avans`, `jarima_jami`, `jarima_tulandi`, `jarima_qoldiq`, `tutzor_sxema_id`, `tutzor_zaruriy_kuchat`, `tutzor_amalda`, `tutzor_yetishmaydi`, `pilla_yetishtirish`, `tutzor_xolati`, `samaradorlik`, `lat`, `lng`, `latlng`, `ekinlar_asosiy`, `ekinlar_takroriy`, `setting_api`, `setting`, `status`, `review`, `agronom_id`, `tap_id`, `klaster_id`, `created`, `updated`) VALUES
(1, 'Ab1495050', '46546465465465', '1995-03-10', 'aaaa', 'aaa', 'xonqa iib', '1627283227.9108.jpg', 1, 1, 'Allabergenov', 'Dilmurod ', 'Yuldash o\'g\'li', '1995-03-10', 1, '+998999670395', '', 12, 7, 315, 'sd', '123', '500', '100', '100', '100', '100', '100', '1', '2021-07-26', '1', '15', '2021-03-10', '100', '50', '50', '200000', '100  ', '50', '50', 1, '2500', '100', '2400', '49', '50', '10', NULL, NULL, NULL, NULL, NULL, NULL, NULL, NULL, NULL, 0, 0, 0, '2021-07-26 12:07:07', '2021-07-26 12:07:07');

-- --------------------------------------------------------

--
-- Table structure for table `kasanachi_tutzor_sxema`
--

CREATE TABLE `kasanachi_tutzor_sxema` (
  `id` int(11) NOT NULL,
  `name` varchar(255) NOT NULL,
  `count` int(11) NOT NULL
) ENGINE=InnoDB DEFAULT CHARSET=utf8mb4;

--
-- Dumping data for table `kasanachi_tutzor_sxema`
--

INSERT INTO `kasanachi_tutzor_sxema` (`id`, `name`, `count`) VALUES
(0, 'Boshqa', 0),
(1, '4x1', 2500),
(2, '6x1', 1667),
(3, '6x2', 2400);

-- --------------------------------------------------------

--
-- Table structure for table `loc_district`
--

CREATE TABLE `loc_district` (
  `id` int(11) NOT NULL,
  `region_id` int(11) NOT NULL COMMENT 'Вилоят',
  `name` varchar(255) NOT NULL COMMENT 'Туман (шахар)',
  `svg_map` longtext DEFAULT NULL,
  `sort` int(11) NOT NULL DEFAULT 0
) ENGINE=InnoDB DEFAULT CHARSET=utf8;

--
-- Dumping data for table `loc_district`
--

INSERT INTO `loc_district` (`id`, `region_id`, `name`, `svg_map`, `sort`) VALUES
(1, 12, 'Урганч тумани', '<path id=\"Urganch tumani\" class=\"enabled\" d=\"m15184 30698c-10-123-12-119 66-158 25-12 105-56 178-98 121-69 132-78 132-104 0-18-27-74-69-146-56-94-78-122-109-140-80-45-110-25-162 106-18 45-34 82-36 82s-63-38-135-85c-130-85-161-96-199-73-17 11-24 9-51-18l-31-31 103-102 103-101 50 2 51 3 56-103c56-103 57-103 67-74 12 34 42 48 70 33 10-6 44-41 75-78 52-64 56-73 59-128l3-59 43-9c23-4 42-13 42-18 0-6 19 6 42 25 46 40 94 48 105 19 17-43 89-162 126-207 53-63 163-118 271-135 58-9 79-17 87-32 22-42 7-71-76-142-44-38-81-73-83-77-2-5 15-47 37-94 31-64 41-97 41-134 0-65-14-77-82-68-45 6-71 21-181 99-71 51-137 91-147 89-11-2-20 5-23 19-6 21-7 21-179 14-95-4-175-7-178-7-28-1-43 5-57 22-22 26-23 26-147-9-131-37-275-50-306-28-12 9-29 13-36 10-8-3-14 0-14 6s-9 11-20 11-21 5-21 10c-1 6-2 14-3 18 0 5-16 23-33 41-18 18-33 37-33 43s-20 44-45 84c-37 60-45 80-45 121 0 35 6 55 20 71 11 12 20 30 20 42 0 21-81 110-100 110-16 0-78-66-82-86-2-11-18-30-36-42-22-16-31-29-28-39 5-13 4-13-7-4-19 15-31 0-51-71-18-64-21-115-6-120 6-2-17-39-50-83-90-117-98-125-124-125-18 0-25-7-29-27-3-16-2-30 3-33 4-3-1-36-11-75-22-83-21-77-11-71 4 2 8-4 8-14s-3-18-7-17-34-32-67-74l-60-76-51 7c-43 5-51 4-49-9 5-26-108-28-130-3-10 10-37 22-62 26s-60 10-77 13c-27 4-33 10-33 30 0 28-21 53-44 53-9 0-16 5-16 10 0 6-18 10-40 10s-40 5-40 10c0 6-9 10-20 10s-20 6-20 13c0 6-9 23-19 35l-18 24-24-30c-26-30-89-76-76-54 6 8 0 12-21 12-24 0-32-7-48-42-10-24-18-45-17-48 1-4-16-7-38-8-22-2-39 2-39 8 0 5-9 10-20 10s-20 5-20 10c0 6-9 10-20 10s-20 5-20 10c0 6-9 10-20 10s-20 5-20 10c0 6-13 10-30 10-22 0-30 5-30 18s-17 25-55 41-68 38-93 68c-21 25-61 57-93 73-41 21-65 43-94 84-33 48-72 86-89 86-3 0-12-13-21-30-19-38-45-39-121-5-61 27-80 30-86 15-2-6-33-6-88 1-47 6-93 12-102 12-9 1-14 5-12 9 3 4-2 8-10 8-9 0-16-9-16-21 0-11-4-18-9-15s-16-5-25-19c-15-22-23-25-74-24-33 1-61 7-67 15-5 7-27 17-47 22-29 8-38 7-42-5-5-13-8-12-22 1-8 9-27 16-41 16-29 0-102-51-151-104-38-42-39-42-152-16-47 11-88 20-92 20s-10-25-14-56c-5-47-19-74-83-173-42-64-101-156-130-204-35-58-62-92-80-99-89-37-151-68-151-77 0-6-20-11-44-11-35 0-45-4-49-20-3-11-2-20 2-20 10 0 12-123 2-175-6-32-5-45 3-45 7 0 7-3-1-8-14-9-38-110-29-120 4-3 22 0 42 7 28 10 46 10 85 1l49-12v-179c0-113 4-179 10-179s10-11 10-25-4-25-10-25c-5 0-10-10-10-22 0-19 2-20 10-8 7 11 10 7 10-18 0-20-4-31-10-27s-10-18-10-59c0-77 2-79 110-96 41-7 100-16 130-21 90-16 300-38 368-38 74-1 116-17 157-60 34-37 69-47 190-57 50-3 98-11 108-16 15-8 17-27 17-186 0-97-5-228-10-290-8-100-13-119-40-163-35-58-37-69-10-69 50 0 207-67 289-123l44-30 258 14 187-82c183-80 276-132 338-191 19-18 56-36 100-48 99-28 139-77 174-217l10-42 98-30c53-16 110-33 125-37 17-4 32-16 37-30 13-34 34-41 155-48 61-4 166-11 235-16 70-4 162-18 209-30 53-14 96-20 120-16 124 21 141 20 171-9 15-15 35-46 44-69 16-42 18-43 137-91 133-52 134-52 144 15 15 93 23 109 65 120s140 3 140-11c0-5 9-9 20-9s20-4 20-10c0-5 9-10 20-10s20-4 20-10c0-5 9-10 20-10s20-4 20-10c0-5 7-10 15-10s33-17 55-39c32-31 49-39 92-44 29-4 69-4 88-1s71-2 115-11c108-22 148-14 205 40 25 23 52 43 60 43s45 13 81 28c45 20 64 33 61 43s0 12 12 8c9-4 40 9 76 31 96 58 163 92 186 92 12 0 41 7 64 15 65 23 174 19 256-8 38-13 88-26 111-29 39-6 45-3 71 26 15 17 44 44 65 60 20 16 37 35 37 42 0 8 6 14 13 14 16 0 67 52 67 68 0 7 6 12 13 12 16 0 67 52 67 68 0 7 6 12 13 12 16 0 67 52 67 68 0 7 5 12 12 12 16 0 68 51 68 67 0 7 6 13 13 13 8 0 22 9 32 20 15 17 16 22 4 37-30 40-137 162-191 220-47 50-58 68-58 95 0 28-10 43-52 85-29 28-88 74-130 102-71 47-78 55-78 85 0 32 3 34 101 79 94 44 106 47 183 47 45 0 134-7 197-15 155-21 238-20 324 6l72 21 44-22c24-12 53-33 64-46 17-21 34-26 110-34 50-5 104-12 121-16 27-5 38 0 72 31 47 42 92 58 142 50 27-5 42-1 62 14 32 25 75 27 169 5 66-15 74-15 115 1 24 9 44 21 44 26s8 9 19 9c10 0 35 7 54 15 53 22 142 19 182-5l33-20 68 31c61 27 76 30 124 24 92-11 134-12 148-2 8 7 12 50 12 153 0 133-1 144-20 154-18 10-20 21-20 124 0 79-4 117-12 123-7 6-38 18-68 28s-61 22-68 28c-21 17-5 111 29 180 16 32 27 62 24 67s-77 60-163 122c-86 61-173 128-192 149-20 21-59 47-88 58l-53 21-10-28c-8-19-7-49 1-105 10-62 10-80-1-93-20-25-65-44-102-44-26 0-39-6-51-25s-25-25-51-25c-58 0-81 16-138 97-64 91-208 227-410 388-135 107-143 112-300 175l-162 65-3 34c-2 23 3 43 17 62 27 36 27 35-9 111-48 101-45 108 60 164 81 43 89 49 78 65-72 100-115 147-128 142-59-24-130-4-130 37 0 10-6 25-13 32-38 39-59 78-78 142-30 100-43 121-97 157-53 37-85 66-296 274-82 80-157 147-167 148s-31 18-46 39-34 38-40 38c-7 0-13 6-13 14 0 18-146 208-293 381-66 77-138 163-162 190-289 341-265 317-397 396-68 40-148 87-179 105l-56 31-9-109zm497-3280c57-34 131-83 166-110 35-26 68-48 72-48 5 0 14-6 20-13 6-8 29-19 51-26 22-6 40-16 40-20 0-5 15-12 34-15 37-7 52-20 57-50 3-13 27-27 84-48 44-16 86-32 93-36 13-7 27-40 78-187 14-38 30-73 37-77s8-8 2-8c-5 0-4-4 2-8 11-7 31-95 49-218 9-57-18-137-51-152-40-18-30-28 40-40 116-19 162-79 152-196-7-79-24-111-69-132-42-19-52-45-36-91 10-27 9-39-5-68-24-51-71-49-152 6l-59 42-96-32c-118-38-146-39-181-5-36 34-76 28-81-14-2-22-9-28-33-31-66-7-160 19-246 70-115 67-154 86-222 105-44 12-61 22-72 43-14 28-16 28-137 36-106 6-126 10-153 31-27 20-38 22-87 17-82-8-175 27-194 73-22 54-11 194 16 194 4 0 11 23 15 50 7 52 24 70 64 70 25 0 26 13 6 70-20 56-20 173-1 190 10 8 33 9 69 5l54-7 6 59c4 32 9 72 13 89 5 26 2 32-15 37-17 4-21 13-21 46 0 30-5 44-20 53-16 10-20 24-20 64 0 43 4 55 29 78 18 17 31 41 33 60 2 23 9 32 24 34 12 2 34 16 49 33 42 43 97 41 145-5 26-25 47-35 81-39 43-6 47-5 42 13-9 33 15 74 61 103 24 15 47 27 52 27s20 9 34 20c40 32 72 24 181-42z\"></path>', 6),
(2, 12, 'Боғот тумани', '<path id=\"Bog\'ot tumani\" class=\"enabled heyo\" d=\"m22965 23923c3-54 22-171 41-260 19-90 34-174 34-187 0-20-31-43-203-149-111-69-209-129-218-132s-41 1-70 9c-100 29-301 67-317 61-9-3-13-3-9 1 5 6-172 57-278 80-25 6-247-90-237-102 4-4 0-3-9 4-12 9-18 9-29-1-10-9-11-9-6 1 5 9-2 11-31 6-21-3-49-6-64-7-14-2-43-17-65-34s-63-36-94-43c-30-7-63-18-74-24-14-8-20-8-23 2-3 9-19 11-51 8-147-16-182-16-180-4 2 8-9 14-24 16-16 2-28 8-28 13 0 17-19 9-25-11-4-14-15-20-36-20-19 0-29-5-29-15 0-22-45-36-92-28-38 6-41 4-34-13 6-15 5-17-5-6-7 6-21 12-32 12-16 0-15-4 10-37 15-20 38-48 51-62 12-14 20-31 18-38-3-7-1-13 5-13s7-4 4-10c-3-5-2-10 3-10 4 0 17-21 28-47 12-27 34-79 50-116 23-55 38-75 77-103 32-23 47-41 47-56 0-13-29-59-66-105-49-63-72-83-90-83-30 0-168 52-459 173-126 52-273 111-325 131l-95 36-122-15c-116-13-126-16-242-74l-121-61h-175c-160 0-184-2-268-26-76-22-104-26-174-21-75 4-89 9-160 50-65 39-95 66-181 166-57 65-109 124-117 131-11 9-32 8-94-5-119-24-236-76-362-160-143-95-158-97-277-25-46 28-86 50-90 50-14 0-44-61-38-76 3-7 30-25 61-38 48-22 55-29 55-53 0-31-117-242-139-251s-67-61-118-137c-25-38-57-87-71-108-32-48-74-70-121-65-38 5-30 10-178-114-53-45-79-53-118-37-17 6-64 13-105 14-52 1-94 9-135 25-33 13-90 25-126 27-64 4-66 4-93-29-15-18-51-69-80-113-40-60-59-81-78-83-30-4-34-23-44-197-7-128-27-210-59-245-12-14-30-38-38-55-8-16-73-112-145-213l-130-183-26-137c-14-76-26-163-26-195 0-56 0-57 29-57 62 0 61 4 61-189 0-170 1-177 25-216 22-36 24-51 25-143v-104l118-138 117-138 200 4c110 2 711 9 1335 15l1135 10 282-45c266-43 294-46 479-46 184 0 238-5 902-85 556-67 707-83 713-73s11 9 21-3 44-20 128-29c63-6 125-14 138-17l22-5v298c0 215 5 330 16 409 8 61 19 146 24 190 16 143 37 259 54 290 9 17 19 47 22 68 4 20 10 37 14 37 13 0 30 51 36 108 14 135 80 283 149 333 42 31 49 42 76 123 17 51 27 97 23 109-5 15-3 19 9 14 18-7 57 40 57 67 0 22 28 34 136 56 110 23 147 24 209 9 40-10 49-9 97 15 28 14 56 26 60 26 11 0 148 139 148 150 0 16-199 210-215 210-8 0-15 5-15 10 0 6-9 10-20 10s-20 5-20 10c0 6-9 10-20 10s-20 5-20 10c0 6-9 10-20 10s-20 5-20 10c0 6-9 10-20 10s-20 5-20 10c0 6-9 10-20 10s-20 5-20 10c0 6-9 10-20 10s-20 5-20 10c0 6-9 10-20 10s-20 5-20 10c0 6-9 10-20 10s-20 5-20 10c0 6-9 10-20 10s-20 5-20 10c0 6-8 10-19 10-15 0-19 11-24 68-14 149-29 471-23 487 5 15 16 17 66 12 33-3 60-1 60 4s5 9 10 9c6 0 10-7 10-17 0-9 18 9 41 40 35 50 44 57 74 57 19 0 37 5 40 10 3 6 21 10 40 10 18 0 87 12 152 26 99 21 132 24 203 18 47-3 90-10 95-14 6-4 30-10 55-13s60-9 77-12c28-6 37-3 63 25 30 32 34 33 168 48 75 8 140 19 143 25 4 5 12 6 18 3 19-12 381 56 381 71s17 18 22 3c4-13 368 65 380 82 7 9 11 10 14 1 4-8 13-9 37 0 18 5 146 13 285 16l253 6-243 145c-134 79-372 219-530 311-157 92-451 269-652 393s-375 230-387 236c-21 12-21 11-14-87z\"></path>', 3),
(3, 12, 'Гурлан тумани', '<path id=\"Gurlan tumani\" class=\"enabled heyo\" d=\"m9431 37476c-14-14-29-26-36-26-6 0-33-22-60-50-27-27-54-50-59-50s-19-9-30-19c-12-10-35-22-53-26-29-6-38-1-83 41l-50 47-162 1c-137 2-186 7-305 31-92 19-146 26-152 20-5-6 2-44 19-98l28-89-19-130c-11-72-22-134-25-139-7-12-58-11-71 2-15 15-113-108-162-203-18-34-59-38-86-8-10 11-23 20-28 20s-16 8-23 18c-12 16-15 15-43-12-17-16-50-61-72-100-23-39-50-83-60-98-24-34-24-45 1-60 25-16 25-42-1-122-25-76-34-85-114-116-33-13-70-30-82-38-13-8-23-11-23-7s-7 1-16-6c-26-22-214-16-384 13-55 9-80 21-160 76-75 52-198 149-230 182-3 3-50 44-105 91-86 73-104 84-125 78-14-4-56-7-93-8-55-1-69-4-74-18-4-10-17-34-29-54-13-20-20-40-17-43 4-3 2-6-4-6s-18-17-26-37c-8-21-31-53-51-71s-36-41-36-52c0-27-25-121-57-213l-27-77 23-108c13-59 28-125 33-147 6-22 11-61 12-86 2-38 10-58 42-100 22-30 48-79 57-110 13-43 31-71 78-120 52-55 104-116 195-228 45-55 204-293 204-304 0-7-7-21-15-31-8-11-15-27-15-36 0-10-37-35-97-67-98-51-98-51-95-86 2-20-2-40-10-46-53-45-142-111-149-111-5 0-2-17 7-37 8-21 18-49 20-63 3-13 10-30 16-37s8-13 4-13c-3 0 5-30 19-67 13-38 27-83 30-101 6-37 32-82 47-82 5 0 30-19 56-43s59-51 75-60c15-10 60-52 100-94 160-170 167-176 289-236 65-32 121-58 125-58 5 0 15-6 23-14 38-33 106-58 152-56 26 1 129-7 230-19 101-11 282-32 403-45 121-14 239-27 262-31 38-4 45-11 79-62 20-31 46-66 58-78s64-68 116-125c127-140 275-287 330-329 25-19 55-45 67-56 12-12 26-24 31-25 5-2 12-16 16-31 6-25 2-30-54-60-33-18-60-38-60-44 0-19 45-42 71-37 18 3 35-3 57-22 29-24 35-26 67-15 44 15 66 7 86-29 11-19 28-31 49-36 20-4 34-15 37-26 3-10 6-19 7-19 0-1 36-7 78-14 62-12 91-23 146-59 39-27 75-59 85-79 33-61 44-79 67-103 13-14 25-23 28-21 2 3 38-20 79-50 42-30 84-54 93-54 21 0 41 23 67 75 10 22 49 101 85 175 37 74 94 190 127 258 34 67 61 128 61 135 0 27 36 45 133 68 81 19 102 21 118 11 17-11 31-6 104 37 87 51 97 54 324 96 74 14 170 36 215 50 233 71 375 109 411 109 25 0 63-10 95-26 53-26 87-40 102-42 3-1 10-4 14-8 21-21 71 10 86 52 3 8 26 42 51 76 43 57 50 61 104 73 32 7 65 14 73 16 14 3 114 44 193 79 18 7 79 33 137 56s110 46 115 50c6 5 26 11 45 15 51 9 78-16 86-80 4-27 17-67 31-88 20-32 24-49 21-97-3-67-3-68 81-124 43-29 63-36 101-36 26 0 88-3 138-6 70-5 89-10 85-20-3-8-1-14 3-14 5 0 9-30 9-66 1-69 10-84 52-84 19 0 22 7 29 56 9 74 9 142 1 239-9 106-17 231-27 395-8 134-9 146-25 185-36 88-65 167-65 174 0 19-101 155-168 226-48 52-79 77-101 81-17 4-34 11-37 15-3 5-16 9-29 9s-27 5-30 10c-3 6-17 10-30 10s-27 5-30 10c-3 6-26 10-50 10s-47 5-50 10c-3 6-21 10-40 10s-37 5-40 10c-3 6-14 10-24 10-9 0-40 12-69 26-74 37-152 128-216 254-49 97-54 112-60 195-3 50-10 135-16 190-12 109-16 807-6 975 3 58 8 221 12 362 5 189 10 264 20 284 24 46 17 114-20 190-42 85-73 116-156 155-14 6-90 44-170 83l-144 71-448 5c-339 4-450 8-460 18-6 6-22 12-34 12-13 0-25 4-28 9-3 4-25 11-48 15-58 9-168 35-193 46-11 5-45 14-75 21s-59 16-65 21c-5 4-19 8-31 8-13 0-26 5-29 10-3 6-17 10-30 10s-27 5-30 10c-3 6-17 10-30 10s-27 5-30 10c-3 6-17 10-30 10s-27 5-30 10c-3 6-14 10-24 10-23 0-75 26-91 45-9 11-33 15-80 15-59 0-77 5-145 40-43 22-85 40-94 40-10 0-21 4-27 10-5 5-34 12-64 16-50 5-57 4-79-20z\"></path>', 4),
(4, 12, 'Қўшкўпир тумани', '<path id=\"Qo\'shko\'pir tumani\" class=\"enabled heyo\" d=\"m8194 28608c-9-18-24-44-32-58-13-23-13-23 1-6 16 18 16 18 14-1-1-16-9-19-54-20-30 0-51 2-48 5s-23 21-57 39l-62 33-407 7-408 6-6-26c-9-34 12-120 36-151 11-13 19-40 19-59 0-20 5-39 10-42 20-12 11-73-16-104-21-26-24-34-14-46s10-28 1-72c-18-92-16-99 39-140 68-51 68-78-1-153l-51-55 11-67c15-91 14-130-5-156-23-33-63-28-165 23-85 43-92 45-131 34-58-15-102-47-156-115-30-37-68-69-107-91-33-18-54-33-48-33 16 0 43-64 43-100 0-30-15-40-61-40-29 0-29-1-23-42 4-24 15-60 25-80 22-43 24-72 7-85-20-15-241-73-280-73-19 0-39 5-45 11-8 8-21-2-49-35-21-25-52-51-70-56-20-7-36-21-44-40-12-29-233-207-252-202-5 1-7-2-4-7 4-5 1-15-6-23-7-7-13-20-14-28s-72-229-158-491c-132-403-156-484-156-536 0-56-11-87-133-374-160-376-149-349-152-374-2-11-15-62-30-113l-27-93 18-65c17-63 17-67-1-122-29-88-27-222 3-292 14-30 55-127 93-214s75-168 82-180c8-12 149-109 314-216l300-194 129-170c77-102 186-229 269-314 139-143 628-570 647-564 5 1 7-2 4-7-6-10 43-46 51-37 5 5 31 324 53 636 14 206 27 367 45 585l16 190 34 32c19 18 41 33 49 33 7 0 24 8 37 18s36 24 52 31c15 8 27 18 27 23 0 4 6 8 13 8 6 0 31 18 55 40 23 22 46 40 51 40 4 0 23 15 42 33l34 32h180 180l83 82 82 83 14 219c8 121 17 225 21 231 4 7 30 10 63 9 62-3 102 14 102 43 0 23 8 26 73 34 50 6 66 3 149-31 51-21 113-41 138-44 43-6 47-9 108-96 35-49 68-92 75-94 18-7 57-49 57-63 0-8 9-20 20-28s20-21 20-28c0-8 14-27 30-42 17-15 30-34 30-42 0-7 9-20 20-28s20-20 20-27c0-8 30-43 66-79l66-66 41 20c23 12 69 23 102 26 112 10 165 19 165 27 0 5 6 9 14 9 7 0 26 13 43 28 16 16 41 32 56 36 14 3 33 14 43 23 13 13 34 18 78 18 45 0 65 5 77 18 9 9 28 17 43 17 14 0 26 5 26 10 0 6 9 10 20 10s20 4 20 9c0 12 58 5 109-13 24-9 50-16 57-16 8 0 27 27 44 61 17 33 52 90 78 127 63 88 112 213 112 285 0 21-5 27-21 27-20 0-21 4-17 58 7 98 19 112 123 139 73 20 96 22 121 14 17-6 40-11 52-11s22-4 22-10c0-5 9-10 20-10s20-4 20-10c0-5 14-10 30-10 17 0 30-4 30-10 0-5 9-10 20-10s20-4 20-10c0-5 9-10 20-10s20-4 20-10c0-5 7-10 16-10s29-13 44-30c15-16 34-30 42-30 7 0 20-9 28-20s21-20 30-20 22-9 30-20 22-20 32-20c9 0 20-4 23-10 3-5 16-10 29-10 12 0 28-6 35-12 8-9 47-12 133-10l121 2 86-62c83-60 89-63 176-74 142-20 138-20 131 22-12 63 8 80 109 88 59 5 96 3 120-5 27-10 42-10 76 0l41 13-6 59c-6 52-4 67 20 114l26 55-31 29c-39 36-40 77-7 174s36 99 134 91c78-7 82-8 82-31 0-36 42-73 85-73 19 0 35 5 35 10 0 6 27 10 60 10s60-4 60-10c0-5 9-10 20-10s20-4 20-10c0-5 7-10 16-10s28-13 43-29c17-18 41-30 66-34 22-3 75-14 118-23 70-15 77-19 77-41 0-33 56-86 109-102 24-7 50-19 58-26 17-17 17-102 1-107-24-8 23-42 66-47 34-5 42-10 45-31 4-30 17-40 54-40 15 0 27-4 27-10 0-5 14-10 30-10 17 0 30-4 30-10 0-5 11-10 25-10 16 0 40-15 66-40 23-22 50-40 61-40s33-13 48-30c15-16 33-30 39-30 7 0 27 16 46 35 30 30 35 41 35 82-1 51-17 83-44 83-9 0-16 8-16 19s-5 23-11 26c-7 5-8 34-4 89 6 72 5 84-13 104-11 12-29 22-42 22-12 0-35 14-50 30-15 17-35 30-43 30-14 0-27 40-27 86 0 13 9 41 20 61 17 33 20 57 20 184 0 128-2 149-19 167-10 12-30 22-45 22-14 0-26 5-26 10 0 6-18 10-40 10s-40 5-40 10c0 6-13 10-30 10-25 0-30 4-30 24 0 14-4 28-10 31-5 3-10 21-10 40s-4 37-10 40c-5 3-10 15-10 26 0 10-4 19-10 19-5 0-10 7-10 16 0 20-24 44-44 44-9 0-16 5-16 10 0 6-18 10-40 10s-40 5-40 10c0 6-9 10-20 10s-20 5-20 10c0 6-7 10-16 10-8 0-33 18-54 40s-45 40-52 40-20 9-28 20-22 20-32 20-18 5-18 10c0 6-9 10-20 10s-20 5-20 10c0 6-13 10-30 10-16 0-30 5-30 10 0 6-9 10-20 10s-20 5-20 10c0 6-9 10-20 10s-20 5-20 10c0 6-9 10-20 10s-20 5-20 10c0 6-13 10-30 10-16 0-30 5-30 10 0 6-9 10-20 10s-20 5-20 10c0 6-30 10-70 10s-70-4-70-10-30-10-70-10-70 4-70 10-8 10-18 10-24 9-32 20-22 20-32 20-18 5-18 10c0 6-9 10-20 10s-20 5-20 10c0 6-9 10-20 10s-20 5-20 10c0 6-9 10-20 10s-20 5-20 10c0 6-9 10-20 10s-20 5-20 10c0 6-21 10-46 10-39 0-51 5-75 31-19 20-29 42-29 61 0 32 25 94 47 116 40 41 47 83 51 300l4 212h-76c-44 0-76 4-76 10s-21 10-46 10c-41 0-50 4-92 48-46 47-51 49-127 60-44 6-127 14-184 18-109 6-448 67-464 83-5 5-13 140-17 300-4 161-9 293-11 295-10 8-160-14-187-28-17-9-41-16-54-16s-60-29-108-65c-67-52-91-65-120-65-44 0-80 24-80 54 0 18-12 28-57 49-32 14-84 33-117 41-32 8-68 24-80 35-33 31-185 83-223 76-18-3-51 0-74 6-32 10-42 10-48 0-7-10-12-10-30 0-11 8-21 17-21 21 0 5-13 8-28 8-16 0-34 8-42 20-8 11-22 20-32 20s-18 5-18 10c0 6-8 10-18 10s-24 9-32 20-22 20-32 20-18 5-18 10c0 6-8 10-18 10s-24 9-32 20-22 20-32 20-18 5-18 10c0 6-8 10-18 10s-24 9-32 20-21 20-30 20-22 9-30 20-21 20-30 20-22 9-30 20-21 20-28 20c-8 0-27 14-42 30-15 17-34 30-42 30-7 0-20 9-28 20s-21 20-30 20-22 9-30 20-21 20-28 20c-8 0-27 14-42 30-15 17-34 30-42 30-7 0-20 9-28 20s-26 20-40 20c-16 0-34 11-49 30-13 16-27 27-32 24s-8 0-7 7c2 7-3 14-9 15-7 1-17 2-23 3-5 0-10 8-10 17s5 12 13 8c6-4 3 2-7 14-11 12-27 22-38 22-10 0-18 4-18 9s-6 9-12 8c-38-1-58 5-58 17 0 16-76 50-91 40-5-3-9-2-8 3 3 20-2 34-11 28-5-3-10 2-10 12s-11 27-25 37c-13 10-22 22-20 27 3 4 1 10-4 14-6 3-18-9-27-27z\"></path>', 5),
(5, 12, 'Хазорасп тумани', '<path id=\"Hazorasp tumani\" class=\"enabled heyo\" d=\"M24370 22810 c0 -5 -22 -10 -50 -10 -27 0 -50 -4 -50 -10 0 -5 -22 -10 -50 -10 -27 0 -50 -4 -50 -10 0 -5 -18 -10 -40 -10 -22 0 -40 -4 -40 -10 0 -5 -22 -10 -50 -10 -27 0 -50 -4 -50 -10 0 -5 -22 -10 -50 -10 -27 0 -50 -4 -50 -10 0 -5 -18 -10 -40 -10 -22 0 -40 -4 -40 -10 0 -6 -30 -10 -70 -10 -40 0 -70 -4 -70 -10 0 -5 -22 -10 -50 -10 -27 0 -50 -4 -50 -10 0 -6 -33 -10 -80 -10 -45 0 -80 -4 -80 -10 0 -5 -48 -11 -112 -12 l-111 -3 -11 -32 c-20 -59 -17 -58 -236 -19 l-201 37 -178 -37 -177 -37 -39 -55 -38 -55 -59 7 -60 6 6 -83 c3 -45 8 -127 11 -182 6 -97 7 -101 38 -127 17 -14 35 -24 39 -22 5 3 8 0 8 -5 0 -6 7 -11 16 -11 9 0 60 -22 113 -49 53 -27 114 -57 135 -67 87 -41 105 -56 209 -163 68 -71 107 -120 107 -133 0 -28 -22 -88 -32 -88 -4 0 -8 -7 -8 -15 0 -24 -132 -149 -180 -170 -25 -11 -47 -23 -50 -27 -3 -4 -27 -13 -53 -20 -36 -9 -57 -10 -89 -1 -24 6 -47 8 -53 4 -10 -9 -18 -10 -85 -12 -22 -1 -37 -5 -34 -10 2 -4 -19 -9 -48 -11 -49 -3 -54 -5 -70 -38 -9 -19 -22 -41 -28 -47 -7 -9 -7 -13 0 -13 5 0 10 -9 10 -20 0 -11 -4 -20 -10 -20 -5 0 -10 -13 -10 -30 0 -19 -5 -30 -13 -30 -8 0 -22 -20 -32 -45 -14 -33 -31 -52 -66 -74 -26 -16 -53 -40 -59 -53 l-13 -23 27 24 c20 19 26 21 26 8 0 -8 -7 -22 -15 -31 -8 -8 -15 -22 -15 -30 0 -9 -4 -16 -10 -16 -5 0 -10 -9 -10 -20 0 -11 -4 -20 -10 -20 -5 0 -10 -12 -10 -26 0 -15 -9 -34 -20 -44 -13 -11 -22 -35 -26 -76 -4 -32 -17 -80 -29 -105 -13 -26 -26 -62 -30 -80 -4 -19 -13 -46 -21 -60 -7 -14 -27 -124 -45 -245 -30 -204 -33 -242 -36 -551 -3 -183 -2 -333 2 -333 21 0 392 -42 453 -52 39 -6 72 -15 72 -19 0 -5 14 -9 30 -9 17 0 30 -4 30 -10 0 -5 9 -10 20 -10 13 0 20 -7 20 -20 0 -11 5 -20 10 -20 6 0 10 -9 10 -20 0 -11 5 -20 10 -20 6 0 10 -13 10 -30 0 -16 5 -30 10 -30 6 0 10 -13 10 -30 0 -16 3 -30 8 -30 4 0 12 -10 17 -22 10 -22 115 -99 185 -135 19 -10 43 -26 54 -35 11 -10 26 -18 33 -18 7 0 13 -4 13 -9 0 -19 44 -20 62 -1 14 15 18 36 18 99 0 44 5 83 10 86 6 4 10 77 10 186 0 113 -4 179 -10 179 -6 0 -10 70 -10 190 0 120 4 190 10 190 6 0 10 18 10 40 0 22 -5 40 -10 40 -7 0 -7 6 -2 18 5 9 8 22 6 27 -2 6 2 17 9 26 29 38 91 46 122 16 9 -9 20 -17 25 -17 5 0 8 -29 6 -65 -2 -49 1 -65 11 -65 7 0 13 7 13 15 0 9 6 15 13 13 6 -1 21 3 32 9 11 5 39 13 62 17 35 5 46 3 64 -15 17 -17 20 -30 17 -79 -2 -47 0 -60 14 -69 28 -18 48 -13 77 18 28 30 28 30 131 26 63 -2 107 -8 114 -16 8 -9 8 -10 -3 -4 -10 6 -12 4 -7 -4 5 -7 14 -10 21 -7 7 2 23 -7 35 -21 24 -27 24 -45 4 -326 -6 -78 -5 -80 32 -140 20 -33 37 -66 37 -73 0 -7 6 -15 14 -18 7 -3 13 -12 13 -21 0 -8 5 -15 10 -15 6 0 10 -8 10 -18 0 -10 9 -28 19 -39 22 -23 66 -191 63 -238 -2 -37 30 -155 43 -158 6 -1 14 43 18 98 6 74 13 107 27 127 11 15 20 34 20 43 0 25 50 65 80 65 32 0 90 -19 88 -28 -1 -4 2 -14 5 -22 4 -8 27 -87 52 -175 36 -125 56 -176 92 -235 26 -41 87 -140 136 -220 71 -116 107 -162 176 -229 47 -46 110 -106 138 -135 29 -28 53 -47 53 -42 0 6 6 2 13 -7 6 -9 107 -64 222 -123 116 -58 214 -110 219 -115 13 -12 26 -11 26 0 0 6 89 151 198 323 186 293 735 1159 934 1473 l89 140 -5 55 c-3 30 -11 139 -17 243 -10 168 -10 190 5 212 9 14 25 25 36 25 10 0 127 -25 259 -55 132 -30 248 -55 258 -55 12 0 62 62 144 178 113 160 128 177 157 180 18 2 32 4 32 5 0 1 -7 24 -15 51 -11 35 -15 97 -15 219 l0 170 -107 163 c-58 90 -110 164 -115 164 -4 0 -8 11 -8 24 0 14 -4 28 -10 31 -5 3 -10 15 -10 26 0 10 -4 19 -10 19 -5 0 -10 9 -10 20 0 11 -4 20 -10 20 -5 0 -10 11 -10 24 0 14 -4 28 -10 31 -5 3 -10 15 -10 26 0 10 -4 19 -10 19 -5 0 -10 9 -10 20 0 11 -4 20 -10 20 -5 0 -10 11 -10 24 0 13 -8 41 -17 63 -17 36 -20 38 -46 29 -63 -23 -118 47 -84 106 15 26 16 34 5 43 -24 23 -308 256 -693 571 l-380 310 -354 197 -353 197 -299 0 c-193 0 -299 -4 -299 -10z\"></path>', 7),
(6, 12, 'Хива тумани', '<path id=\"Xiva tumani\" class=\"enabled heyo\" d=\"m12182 24974c-10-34-9-40 24-82 41-54 42-77 8-144-22-43-24-54-14-74 10-18 10-33 1-71-31-124-29-120-65-127-22-4-37-15-44-31-15-33-40-32-105 4-28 16-73 31-98 33l-45 5 4-56c3-31 8-57 13-59s2-10-5-18c-17-16-69-19-95-5-15 9-83 17-201 26-19 1-45 5-57 9s-32 9-45 11c-12 3-24 9-26 15-2 5-11 10-21 10-9 0-23 9-31 20s-21 20-29 20c-7 0-22 10-33 23-18 20-27 22-112 19-80-2-103 2-181 28-86 29-187 86-252 144-18 15-86 50-150 78-93 39-124 48-151 43-33-6-33-7-27-44 5-30-4-74-38-188-41-140-49-156-110-242-37-51-78-119-93-151-25-57-28-59-76-70-41-8-60-7-102 6l-51 16-66-36c-58-32-71-35-112-30-44 6-51 4-151-59-104-65-104-65-212-77-68-8-129-22-163-37-70-30-83-29-156 12-59 33-69 44-251 300-131 184-194 265-207 265-10 0-66 18-123 41l-104 41-28-29c-15-16-42-35-59-42-18-7-31-17-28-21 2-4-13-4-34 0l-38 7-13-214c-13-214-16-227-53-250-7-5-35-34-62-66-78-93-95-99-284-91l-159 7-84-65c-45-36-129-95-186-132-56-36-104-72-107-79-7-25-107-1398-102-1411s59-25 183-40c11-1 25-5 31-9 5-4 25-7 44-8 19-2 41-6 50-11 10-4 37-10 60-12 62-7 91-14 130-30 19-7 40-11 48-8s11 0 7-7c-4-6-1-12 6-13 7 0 18-2 23-2 6-1 16-5 23-9 6-5 17-5 24-1s8 3 4-4c-6-11 0-14 20-11 4 0 10-3 13-8s26-17 51-27 60-25 78-33 37-11 42-8c6 3 10 1 10-5 0-7 8-9 20-5 11 4 20 2 20-4s9-11 19-11c11 0 26-6 33-13s22-13 33-14c28-2 509-202 625-260 52-26 113-59 135-73s49-30 60-37c11-6 84-50 162-97s144-86 147-86c4 0 25-13 48-30 22-16 46-30 51-30 6 0 25-11 43-25s36-25 39-25c4 0 66-36 139-79 111-68 228-160 768-608 1132-940 1362-1128 1376-1131 8-2 27-18 44-35l29-32-5 30c-3 17-12 107-21 200-8 94-24 260-35 370s-27 277-36 370c-9 94-18 188-20 210s-6 76-8 120-6 105-10 135-11 93-17 140c-5 47-14 119-19 160s-26 208-46 370l-36 295 16 121c18 139 23 524 6 524-5 0-10 11-10 24 0 14-4 28-10 31-5 3-10 15-10 26 0 10-4 19-10 19s-10 26-10 59v58l99 7c113 8 169 1 192-26 9-10 22-18 28-18 17 0 61 46 61 64 0 19 33 29 70 21 22-5 30-3 30 7 0 7 9 0 19-16 22-33 47-50 60-42 8 6 34 87 30 96-1 3 3 16 10 29 8 14 9 21 2 17-6-4-11-2-11 4s7 13 15 16c8 4 15 12 15 19 0 6 7 26 16 43 8 18 18 58 20 89 7 76 18 96 89 168 57 57 61 64 58 103-1 22-7 50-12 61-6 11-11 28-11 38s-9 25-20 33c-29 21-27 104 3 162 26 50 41 68 57 68 7 0 24 13 40 30 24 25 28 40 34 115l7 87 54 54c30 30 61 54 69 54s90 18 182 41c122 29 174 38 189 31 23-11 44 5 37 27-3 8 1 12 9 9s21 2 29 11 24 21 35 28c11 6 19 16 17 23-1 6 1 9 6 6 12-7 84 68 75 79-5 4-3 5 4 1s31 12 57 39c25 25 52 45 61 45 8 0 15 5 15 10 0 6 9 10 21 10 17 0 58 11 139 37 22 7-25 43-56 43-15 0-33 13-51 35-23 29-46 41-136 71-85 28-110 41-117 59-5 13-20 25-37 28-15 3-53 21-83 39-63 38-73 64-41 104l21 27-31 16c-34 18-105 86-121 114-8 16-17 18-68 12-57-7-60-6-117 35-32 24-63 49-70 57-9 12-40 16-135 17-104 1-129 5-158 22-24 14-36 28-38 47-5 37-17 34-30-9zm-1360-1527 158-77h96c95 0 96 0 90-22-4-13-9-39-12-58-7-47-71-175-104-208-14-15-54-49-89-77-77-60-182-154-196-175-15-24-55-153-55-180 0-14-9-38-20-55-11-16-20-38-20-48 0-9-9-34-20-54-29-54-29-228 0-291l20-44-127-129-127-130-43 7c-64 9-88-1-162-70l-68-64-74 5c-42 3-92 13-116 24-24 10-54 19-68 19-32 0-185 150-241 235-23 36-52 67-73 77-43 21-98 74-116 112-8 16-15 55-15 87 0 48-4 62-27 88-25 28-27 38-28 116 0 99-5 105-78 105-69 0-97 30-97 105 0 52 1 55 25 55 33 0 33 27 0 76-16 23-23 44-19 53s9 33 12 53c4 35-1 43-62 110s-66 75-66 118c0 66 38 137 100 190 62 52 81 63 178 96 93 32 167 27 222-14 33-26 42-27 190-33 106-3 171-11 205-22 66-22 112-21 158 3 25 14 56 20 99 20 54 0 74 6 138 40 74 39 76 39 175 37l100-2 157-78z\"></path>', 9),
(7, 12, 'Хонқа тумани', '<path id=\"Xonqa tumani\" class=\"enabled heyo\" d=\"m19052 27243c-6-3-9-9-6-15 4-5 6-55 5-110-2-95 0-101 23-123 14-13 27-20 30-17s6 0 6-6c0-7-4-12-10-12-15 0-12-47 3-53 9-4 9-8-2-15-11-8-11-10 0-15 10-4 11-8 2-14-7-5-14-64-19-161-4-84-9-150-11-148-3 2-24-4-48-14-34-15-55-17-99-11-38 5-56 4-56-3 0-6-4-5-9 3-15 23-61 17-130-17-76-39-92-39-147-7-48 28-100 28-121-1-8-11-13-13-13-5 0 9-10 7-34-7-18-11-48-23-65-27s-31-10-31-14c0-9-113 4-169 19-43 11-71 5-71-16 0-15-6-16-95-14-56 1-62-1-94-34-21-21-45-36-59-36-13 0-21-3-19-7 8-13-86-7-118 7-16 7-69 16-118 20-85 6-88 8-122 44-28 31-40 37-57 32-13-4-42-10-66-13-23-3-45-10-49-16s0-8 11-4c10 4 15 3 11-3-8-13-35-13-35 0 0 7-21 10-54 8-30-2-52-7-49-11 3-5-12-7-32-4-21 3-41 10-45 17-5 8-32 9-93 4-63-5-87-4-87 5 0 7-22 11-60 11-33 0-60-4-60-10 0-5-9-10-21-10-11 0-17 4-14 11 4 5-10 3-30-5-21-9-39-16-42-16-2 0-1-4 2-10 3-5 15-10 25-10 11 0 36-18 57-40 20-23 43-38 50-36 11 5 17-5 15-25-1-3 12-19 28-34 23-22 30-38 30-67 0-30 5-41 28-55 38-25 92-80 92-94 0-21 31-48 48-42 14 5 15 3 5-7-10-11 0-27 49-82 44-50 63-80 68-109 6-32 5-39-7-37-8 2-22-8-32-22-9-13-11-21-3-16 6 4 12 2 12-4 0-5-43-53-96-106-70-71-101-95-115-91-22 6-83-58-75-79 6-16-10-29-19-14s-207-171-200-188c8-21-20-42-55-42-31 0-116 18-212 45-36 10-48 10-48 2 0-7-5-5-10 4-6 11-26 16-65 17-30 1-55-2-55-6s-8-8-17-9c-52-3-105-20-160-51-35-18-63-38-63-43s-3-8-7-7c-14 3-83-44-77-53 3-5-2-6-10-3-11 4-16 0-16-15 0-17-6-21-30-21-16 0-30-4-30-10 0-5-9-10-20-10s-20-4-20-10c0-5-9-10-20-10s-20-5-20-10c0-6-11-8-24-6-19 3-23 1-19-15 7-24-19-49-51-49-14 0-26-4-26-10 0-5-25-10-55-10-33 0-55 4-55 11s-15 10-39 7c-22-2-37 0-35 3 2 4-13 10-34 14-20 3-47 9-59 12-13 3-23 1-23-6 0-6 11-13 24-17 14-3 32-14 42-25 9-10 21-16 27-12 5 3 7 1 4-4-4-6 10-24 31-39 20-16 45-39 55-51 10-13 22-21 26-19 12 8 37-44 56-112 11-37 25-66 34-70 28-10 61-56 61-84 0-16 5-28 10-28 6 0 10-18 10-40v-40h-80c-47 0-80 4-80 10 0 18-62 11-148-17-74-24-88-33-110-66-26-40-160-140-209-158-18-6-40-28-59-59-23-36-56-67-118-111-47-33-86-64-86-68 0-5 9-20 20-34 28-36 25-60-15-118-19-28-35-55-35-59s12-12 26-19c22-10 30-9 43 3 22 20 162 23 276 6 50-7 92-16 95-20 3-3 25-12 50-19s59-17 76-22 40-9 52-9c11 0 24-4 27-10 3-5 17-10 31-10 13 0 24-4 24-10 0-5 13-10 29-10s31-5 33-11c5-16 49-14 263 9 269 30 615 57 717 57 126-1 143-24 89-120l-30-52 25-11c16-8 24-20 24-36 0-28-12-25 240-56 91-11 193-24 226-30 94-15 219-13 262 6 139 60 202 64 202 15 0-15 9-33 20-41 17-13 20-26 20-102 0-52-4-88-10-88s-10-35-10-86c0-84 10-114 40-114 6 0 42-31 80-70 38-38 76-70 85-70 8 0 15-4 15-10 0-5 8-10 18-10s24-9 32-20c28-38 109-14 172 52 14 15 33 28 42 28s16 3 16 8c0 4 22 15 50 25 27 10 55 23 62 31 8 7 27 16 43 19 17 3 88 17 160 31 111 23 133 25 155 14 30-16 190-174 190-188 0-15 87-100 103-100 7 0 19-9 27-20s22-20 32-20 18-4 18-9c0-16 87-24 128-13 20 6 63 17 95 26 43 12 104 16 237 16 113 0 180 4 180 10s9 10 20 10 20 4 20 9 13 11 29 14 35 12 42 19c8 7 34 23 59 35 78 38 430 65 430 33 0-4 21-14 48-23 26-8 98-36 160-61s121-46 132-46 20-4 20-10c0-5 9-10 20-10s20-4 20-10c0-5 14-10 30-10 17 0 30-4 30-10 0-5 9-10 20-10s20-4 20-10c0-5 9-10 20-10s20-4 20-10c0-5 14-10 30-10 17 0 30-4 30-10 0-5 9-10 20-10s20-4 20-10c0-17 129-12 147 5 14 14 13 18-6 34-12 10-21 26-21 35s-4 16-10 16c-5 0-10 9-10 20s-4 20-10 20c-5 0-10 12-10 26 0 31-73 171-159 309-34 54-61 103-61 110 0 27 33 38 130 43 93 4 99 6 104 28 4 16 21 28 61 43 72 27 120 26 186-3l54-23 125 16c105 13 131 20 160 42 51 38 80 51 101 46 10-3 23 1 29 8 7 9 29 12 66 10 58-4 88 6 208 66 68 34 78 35 137 13 51-18 250-70 324-85 114-23 198-39 248-46 32-4 41-1 66 26 20 21 38 31 58 31 16 0 38 8 49 18 10 10 43 29 72 42 35 16 48 26 40 32-9 5-4 8 12 8 30 1 60 22 60 42 0 8 5 19 11 25 9 9 9 23 0 55-34 121-42 176-50 326-9 159-10 163-39 200-29 36-35 38-218 85-414 107-374 92-417 150-32 45-67 70-245 177l-207 125-161 219c-156 212-235 300-261 291-7-2-13-1-13 4s-17 26-38 47c-20 22-75 80-121 129-46 50-88 90-95 90-6 1-10 6-9 12s-7 19-19 29c-12 11-18 13-14 6 7-11 4-11-13 0-12 7-19 18-17 23 6 17-40 69-49 55-5-8-12-2-21 19-8 18-18 30-23 27s-12 1-15 10c-4 10-2 13 7 8 6-5 0 8-14 27-20 26-36 35-65 39-22 3-38 10-37 16 2 10-188 40-235 36-14 0-20 3-16 10 4 6-1 8-15 3-12-4-21-2-21 4s-7 11-15 11-15-4-15-9c0-6-9-9-20-8s-20 6-20 13c0 6-10 10-22 9-13-1-36-3-51-4-16 0-26-5-22-11 9-15-18-12-40 4-11 8-33 11-52 9-20-3-33 0-33 6s-5 11-11 11c-5 0-7-4-4-10 3-5 1-10-4-10-6 0-11 5-11 10 0 6-11 10-25 10s-37 11-51 25-20 25-14 25 9 4 5 9c-3 6-15 8-26 6-15-3-19 0-16 10 4 8-15 29-48 54-31 24-66 61-81 89-15 26-35 59-44 73-10 14-42 91-70 170s-56 146-61 147c-5 2-7 8-3 13 8 13-6 50-16 44-5-3-7 3-5 14s-3 25-10 31c-8 6-12 17-9 24 3 8-2 20-10 29-9 9-16 20-16 26s-4 11-10 11c-5 0-10 9-10 20s-4 20-10 20c-5 0-10 14-10 30 0 17-4 30-10 30-5 0-10 9-10 19 0 11-5 23-11 26-6 4-8 13-5 21s-1 17-9 20c-8 4-15 12-15 19s-4 15-10 17c-5 2-11 15-12 31-1 15-6 27-10 27s-8 6-8 13c-1 22-86 152-101 152-8 0-21 8-30 18-9 9-24 17-33 17s-16 4-16 9-13 14-30 21c-16 7-44 27-63 45-25 25-40 32-59 28s-28 0-32 14c-7 22-62 57-75 48-6-3-13 1-18 8-4 8-14 12-21 10zm199-110c13-16 12-17-3-4-10 7-18 15-18 17 0 8 8 3 21-13zm-2547-1844c-15-15-31-26-36-23-5 4 3 19 18 35 15 15 31 26 36 23 5-4-3-19-18-35z\"></path>', 8),
(8, 12, 'Шовот тумани', '<path id=\"Shovot tumani\" class=\"enabled heyo\" d=\"m5488 33113c-9-10-28-48-43-85-15-38-31-68-36-68s-8-3-7-7c1-5-6-24-17-43-10-19-26-68-35-109-15-69-15-85 1-220 26-227 33-255 79-318 45-64 51-101 21-149-19-32-54-44-128-44-27 0-42-11-94-70-44-49-70-70-86-70-13 0-53 14-90 30-36 17-67 29-68 28-2-2-16-30-33-64-29-57-129-164-154-164-11 0-8-111 3-120 4-3 73-152 154-332 116-258 168-361 244-481 92-148 114-174 521-622l424-467 221-175c219-174 220-176 290-281 51-78 101-178 183-363 61-141 112-261 112-267s11-35 24-64c24-51 77-206 83-239 5-33 23-69 33-69 6 0 9 4 6 9-4 5-1 11 5 13 9 3 9 10 0 27-7 12-10 29-7 36 3 8-6 36-19 63-31 63-38 233-12 259 14 14 65 15 490 7l474-9 34-26 35-27 32 59c40 71 57 74 143 27 46-26 62-41 74-71 18-45 32-61 60-65 11-2 22-7 25-10 3-4 14-9 25-10 44-8 120-59 153-104 28-37 48-52 94-69 32-12 58-25 58-29 0-8 74-61 102-72 21-9 115-76 147-105 13-13 28-23 34-23 5 0 44-24 86-53 82-57 345-219 425-261 37-20 64-26 109-26 61 0 184-31 222-56 12-8 24-11 28-8 3 3 20-8 38-24 25-23 49-33 97-42 56-10 97-24 112-40 3-3 28-20 55-38 28-17 44-32 36-32s-11-3-8-6c7-7 77 36 77 48 0 14 85 68 107 68 12 0 40 7 62 16 38 15 39 17 59 102 32 137 35 170 18 250-21 96-21 148 0 156 9 3 38 6 66 6 27 0 62 7 76 14 15 8 55 25 90 38 60 22 65 27 109 98 26 41 80 126 121 188 72 109 75 117 85 197 9 73 14 84 32 89 22 6 110-1 135-11 8-3 33-9 55-13 41-8 46-6 128 65 9 8 17 13 17 10s17 6 38 19c20 14 44 26 52 27 26 4 153-12 204-27 27-8 51-14 53-14 10 0 63 66 63 77 0 21 57 15 110-12 54-27 95-31 135-13 30 14 31 20 6 42-11 10-27 32-35 50-15 33-63 56-115 56-12 0-21 6-21 15s-6 15-13 13c-6-2-22 6-33 17s-35 28-53 37l-32 18 7 107 6 108-74 70c-40 39-82 75-93 81s-24 20-30 32c-5 12-13 22-17 22-5 0-8 11-8 24 0 14-4 28-10 31-5 3-10 13-10 21 0 9-11 40-25 70s-24 58-24 62c1 4 0 12-1 17-7 30 4 212 13 223 7 9 23 12 43 9 26-4 37 0 58 22 26 27 26 28 8 52-11 13-34 63-52 111-17 48-38 89-46 92s-14 12-14 21c0 8-4 15-10 15-5 0-10 7-10 15s-4 15-8 15c-5 0-15 12-23 28-8 15-27 42-44 61-16 18-29 38-27 44 3 12-37 56-91 99-35 28-44 30-150 35-61 3-117 9-123 14s-19 10-30 12c-47 9-74 26-67 43 4 11 2 15-4 11-19-12-128 50-187 106-54 51-58 58-54 91 4 35 1 38-44 66-39 24-48 35-48 58 0 15 5 33 11 39 13 13 4 33-17 33-8 0-14 4-14 9s-17 15-37 21c-21 7-59 26-85 42-51 32-65 35-119 24-37-8-69 10-69 39 0 15-62 73-106 99-61 37-69 58-69 201 0 71 2 177 4 234l5 103-34 14c-27 12-35 12-42 2-6-10-8-10-8 0 0 20-84 15-104-7-9-10-46-85-83-167-36-82-71-152-76-156-6-3-39-12-73-18-53-10-69-9-118 6-31 10-56 21-56 24 0 4-6 7-12 7-7 0-63 12-125 27-143 33-162 33-196-2-48-50-33-93 63-187 70-68 101-121 98-166-2-23-13-38-48-64-25-18-64-56-87-83-43-50-91-79-117-69-30 12-85 117-145 278-34 91-63 172-65 180-5 32-56 116-88 145-18 17-53 42-78 56s-54 36-65 48c-34 37-70 50-142 50-69 0-176-22-199-41-7-5-15-42-19-82-10-100-25-132-65-141-69-13-82-8-147 56-57 56-66 71-93 154-30 89-31 93-17 150 8 33 17 66 20 74 4 11-64 66-247 200l-253 185-84 118c-46 64-86 117-89 117s-16-21-29-47c-46-94-135-193-176-193-8 0-47 21-86 47-59 39-75 56-99 105-16 32-26 58-22 58s2 4-4 8c-5 4-27 39-48 77-57 104-83 135-112 135s-70-20-127-61c-31-23-51-29-89-29-30 0-48 4-48 12 0 6-3 9-6 5-4-3-26 10-50 29-31 26-47 49-60 87-9 29-19 55-21 60-7 11-94-42-130-79-40-41-103-74-140-74-15 0-50 8-78 19-27 10-84 24-125 31-41 6-99 21-128 33-61 24-87 60-118 159-22 73-46 95-109 103-42 6-53 4-67-12z\"></path>', 11),
(9, 12, 'Янгиариқ тумани', '<path id=\"Yangiariq tumani\" class=\"enabled heyo\" d=\"m13470 25106c0-86 0-159 1-162 0-4-5-11-13-16-17-11 54-74 93-82 15-3 37-19 49-36 20-28 21-36 12-118-10-91-10-91 32-117 10-6 22-37 30-80l13-70 49 4c27 3 72 5 99 5l50 1 3-66c2-36-2-78-7-93l-11-27-114 2-115 2-68-40c-40-24-114-54-178-73-60-18-123-42-140-53-16-12-104-92-195-179-134-129-170-158-193-158s-31 6-40 30c-6 17-15 30-20 30s-44-9-88-20c-61-16-97-33-161-78l-83-58-7-66c-8-90-60-188-98-188-11 0-24-9-31-21-9-17-7-23 10-36 12-8 21-25 21-40s9-45 19-67c11-23 22-73 26-112l7-70-39-27c-21-14-61-53-89-85-44-49-53-66-59-112-3-30-24-100-44-155-21-55-48-128-61-162-14-40-29-65-41-68-12-4-46 6-84 23l-64 30-12-36c-18-57-25-62-96-62-69 0-104 13-142 54-25 26-74 36-86 16-3-5 1-26 10-46 12-30 15-86 15-302 0-146-5-304-10-351-10-80-6-122 60-641 38-305 72-572 74-593 4-46 15-58 51-60 27-2 27-3 21-54-3-29-2-53 4-55 5-2 16-61 25-133 9-71 22-168 30-215s26-179 40-294c14-114 27-211 29-215 2-3 6-31 10-61 3-30 11-89 18-130 11-72 13-76 72-135 34-33 95-90 136-125 41-36 95-84 120-107 102-96 171-151 217-173 70-34 79-37 173-60 90-21 140-20 375 9 44 5 103 12 130 16 28 3 88 10 135 16 298 35 1206 219 1281 260 10 5 150 51 311 103s471 152 688 221c217 70 400 130 405 133 6 4 13 7 18 8 4 1 10 3 15 4 4 1 12 3 17 4 42 7 75 19 75 29 0 6-7 19-16 28-13 15-21 16-36 8s-19-8-14 0c4 6-15 33-43 60-28 28-51 56-51 63 0 8-9 20-20 28-18 13-20 26-20 132 0 72-4 118-10 118-5 0-10 9-10 20s-4 20-10 20-10 63-10 170v170h-36c-19 0-42 6-50 14-22 22-19 214 6 345 36 191 43 214 72 245 15 16 28 33 28 38s13 23 30 41c16 18 30 40 30 49 0 10 20 39 45 64 25 26 47 56 51 66 3 10 9 18 13 18s19 21 32 48c13 26 32 56 41 66 10 11 18 24 18 29 0 4 6 15 14 23s17 33 20 57c2 23 12 114 20 201 9 87 19 163 22 167 3 5 20 9 37 9 28 0 36 8 67 57 19 31 37 61 39 67 2 5 14 21 27 35s20 29 17 34c-3 6-1 7 4 4 6-4 16 0 23 8 10 12 41 15 151 15 86 0 139-4 139-10 0-5 9-10 20-10s20-5 20-10c0-10 210-10 220 0 3 3 21 14 42 25 20 11 57 39 81 63 39 35 52 42 87 42 37 0 47 6 86 47 24 25 44 52 44 60 0 7 5 13 10 13 6 0 10 23 10 50 0 28 5 50 10 50 6 0 10 9 10 20 0 15 7 20 26 20 18 0 45 20 100 76 63 65 72 78 60 90-8 8-20 14-26 14-16 0-60 47-60 65 0 8-4 15-10 15-5 0-10 22-10 49 0 42 4 52 30 72 32 26 39 61 16 85-8 8-22 14-30 14-9 0-16 5-16 10 0 6-9 10-21 10-20 0-20 4-18 197 2 144-1 198-9 201-7 2-12 10-12 18 0 18 0 18-60-6-74-29-199-26-504 15-181 24-265 31-283 24-34-13-97-11-111 3-15 15-15 53-1 80 9 16 7 23-10 35-28 19-26 45 5 100l27 45-54-6c-58-7-408-35-499-41-95-6-264-26-300-35-65-18-127-11-213 22-77 29-272 88-362 108-22 5-72 9-111 10-64 0-75-3-107-29-20-15-33-32-29-35 20-20-59 12-102 41-26 18-52 33-57 33-16 0-9 87 11 131 21 47 26 89 11 89-5 0-12 23-16 51-7 48-5 54 21 78 16 14 48 38 72 54 23 15 42 32 42 37 0 6 3 9 8 8 19-6 71 39 102 89 26 41 46 60 78 74 57 25 105 61 177 135 57 58 66 64 170 98 61 20 122 36 137 36h26l-20 73c-11 39-23 78-27 85s-45 46-92 87c-60 54-99 80-136 92-38 12-59 26-80 54-15 21-38 41-51 44s-43 24-66 45c-41 38-178 110-209 110-11 0-17-17-22-60-8-69-51-140-85-140-11 0-48 11-82 25s-79 25-100 25-38 5-38 10c0 6-7 10-15 10s-15 6-15 14c0 11-43 31-52 24-12-8-48 28-53 52-4 16-11 30-16 30s-9 8-9 19c0 30-23 43-55 31-33-12-213-12-221 1-3 5-23 9-44 9s-40 5-42 12c-4 12-65 18-410 44l-88 7v-157z\"></path>', 12),
(10, 12, 'Янгибозор тумани', '<path id=\"Yangibozor tumani\" class=\"enabled heyo\" d=\"m12430 33314c-58-25-106-45-108-44-1 0-15-6-30-14-36-19-198-73-242-81-62-11-70-16-85-46-9-16-16-32-16-36-1-5-10-21-21-36-19-26-19-29-4-46 9-10 16-22 16-28s7-13 15-17c22-8 19-63-3-75-19-10-102 5-102 19 0 3-6 7-12 7-7 0-77 27-156 61l-142 61-98-25c-53-14-124-33-157-44-141-44-215-62-389-95-102-19-198-41-213-50-72-40-118-69-123-74-10-12-65-35-87-37-12 0-24 5-27 12-6 15-53 17-95 5-27-7-54-49-78-120-8-25-28-71-43-102-16-32-26-60-22-64s-1-12-10-19-45-70-80-141c-35-70-73-147-85-169-12-23-22-44-23-47 0-10 101-29 160-29 36 0 62-5 69-13 14-17 17-93 6-132-5-16-10-100-12-186-4-143-3-160 17-201 11-25 32-51 47-59 14-7 43-33 64-57 33-38 42-43 67-37 28 6 53-4 172-71 14-8 30-14 36-14 22 0 91-45 118-76 27-33 34-68 16-79s-11-19 40-50c54-31 61-50 34-90-11-17-12-25-4-25 6 0 26-14 43-32 18-17 61-45 97-61s88-39 115-52c36-17 76-25 143-29 53-3 108-13 127-22 56-26 159-134 225-234 34-52 70-104 80-115s23-40 30-65c15-59 53-139 78-166 18-19 26-53 23-90-1-7-11-15-23-18-13-3-36-24-51-46-16-22-33-40-38-40-6 0-8-4-5-9 3-4-5-6-17-4-21 4-22 1-21-49 2-79 3-85 20-102 9-9 17-22 18-29 15-75 32-105 90-159 33-32 70-61 81-64 22-7 55-38 55-52 0-5 10-17 21-28 20-18 21-25 14-112-3-52-9-100-11-107-4-8 8-20 28-31 18-9 35-20 38-23 7-9 62-32 87-37 47-9 72-24 99-61 74-101 141-153 159-123 20 33 134-31 164-91 7-16 18-29 22-29 5 0 14-11 19-25s23-32 40-39 28-15 24-18c-3-4 12-16 35-27 22-12 50-34 62-51 12-16 26-27 31-24s7 1 6-5c-3-13 29-32 161-96 94-45 113-52 109-37-1 4 9 24 21 45 24 38 46 46 82 27 16-9 27-4 67 35 74 72 101 71 144-6 12-22 28-39 35-39 8 0 49-11 93-25 75-25 79-27 87-62 7-30 14-38 41-45 20-5 40-5 51 2 27 14 47 13 65-5 12-13 19-13 35-3s27 10 58-1c25-10 38-10 41-3 2 6 16 29 33 51 32 45 48 102 49 171 0 26 4 50 8 55 5 6 14 29 21 53 10 36 16 42 39 42 46 0 135 108 125 152-3 10 7 52 21 94s26 81 26 88c0 6 17 28 38 48 31 30 38 43 34 66-3 25 3 34 48 66 28 20 54 44 57 54 8 21 53 61 71 62 7 0 29-11 50-24 20-12 40-23 43-22 11 2 49-36 49-49 0-7 7-19 16-26 39-32 66-91 70-154 5-61 4-65-23-81-15-10-30-19-32-21-2-1 24-45 57-97s58-97 54-102c-4-4-1-4 6 0 6 4 12 3 12-2s18-22 41-36c38-25 46-27 107-21 37 3 87 13 112 21 25 9 57 17 71 19 15 2 54 11 88 20l61 18 34-27c33-25 39-26 169-26 107 0 137 3 147 15 7 8 19 15 27 15 20 0 113-49 148-78 59-48 218-162 222-158 9 8-49 132-73 157-33 34-25 69 24 105 21 15 56 44 78 65l41 37-39 6c-22 4-62 18-90 32s-59 23-71 20c-14-3-29 5-51 29-67 74-103 120-137 182l-36 64-32-26c-17-15-28-32-24-38 3-7 3-9-2-5-4 4-21-2-36-13-16-11-39-19-52-17-18 2-23 10-25 46-3 34-7 42-23 42-51 0-79 45-79 126 0 31-7 51-24 70l-23 28-7-40c-18-94-62-110-101-36-14 26-29 54-34 62-6 8-21 41-35 73-14 31-30 57-35 57-6 0-11 8-11 18 0 34-14 44-43 31-23-11-30-9-64 20-21 17-51 44-68 60-16 15-62 56-102 89-67 58-103 106-103 140 0 7 13 26 28 40 15 15 34 36 42 47 39 53 137 94 155 65 4-7 12-7 18-2 7 4 19 8 27 7 8 0 30 12 48 27s37 28 42 28 47 25 94 55c46 30 91 55 99 55 21 0 32-16 63-95 15-38 34-79 43-89 10-13 11-17 3-12-12 7-12 4-2-14l12-23 22 24c36 40 57 79 50 91-4 7-3 8 4 4s12-2 12 4c0 7 9 23 20 38 11 14 17 29 13 33-13 12-314 179-324 179-4 0-16 14-25 32-15 29-15 47-3 201 12 157 14 170 34 179 17 8 33 4 72-16 28-14 53-23 55-20 6 5 106-46 148-76 15-11 31-20 35-20 3 0 26-13 50-30 24-16 49-30 55-30 20 0 220-202 220-222 0-18 121-168 141-176 5-2 0 16-10 40-13 29-20 78-24 156-6 110-6 113-43 165-21 28-55 70-75 92-26 27-47 64-63 113-25 73-81 182-94 182-4 0-13 15-21 33-8 17-30 59-49 91-19 33-35 65-35 72s-4 11-8 8c-4-2-10 4-14 15-9 30-469 486-537 533-35 23-67 43-71 43s-18 9-30 21c-20 19-50 40-136 96-34 22-221 79-306 94-22 4-49 12-60 17-11 6-22 12-25 13-3 0-12 3-20 7-8 3-28 8-45 12-16 4-52 17-78 31-42 21-136 53-176 60-7 2-18 7-24 13s-20 11-32 11-26 5-31 10c-6 6-24 13-40 16s-119 41-229 86c-110 44-217 88-238 96-32 13-47 31-89 101-28 47-51 91-51 98s-6 14-14 17c-7 3-13 12-13 20s-8 28-17 45c-14 24-28 33-66 41-26 5-55 10-62 10-33 0-55 38-55 94 0 31-5 58-12 64s-58 13-113 17-107 8-115 9c-8 0-31 13-51 29-20 15-40 27-46 27s-22 11-37 25-31 25-35 25c-20 0-33 61-26 118 5 45 3 61-8 70-8 7-20 33-27 57-7 25-15 45-19 44-3 0-53-20-111-45z\"></path>', 13),
(11, 12, 'Урганч шахри', '<path id=\"Urganch shahri\" class=\"enabled heyo\" d=\"m15470 27364c-93-62-93-61-85-101l6-35-53 7c-41 5-61 14-88 41-45 42-77 44-115 5-15-17-37-31-49-33-15-2-22-11-24-33-2-16-13-40-25-53-24-26-31-97-10-114 7-6 13-26 13-44 0-28 5-36 25-44 29-11 30-14 10-70-8-23-15-60-15-82v-40l-57 4-58 3-3-60c-1-38 5-82 17-120l19-60-39-6c-49-7-51-9-56-61-2-23-10-46-17-50-20-11-31-108-17-151 10-30 20-38 72-57 46-18 71-21 111-17 40 5 56 3 77-12 20-14 54-20 140-26 111-7 114-8 130-36 12-22 30-33 71-45 30-9 103-42 162-74 58-32 124-62 145-66s43-11 50-16c6-5 26-8 44-6 26 2 35 9 39 27 3 15 16 28 33 34 24 8 33 5 53-14 30-28 48-27 157 7 86 26 112 29 130 14 7-6 27-24 46-40 47-41 85-40 107 1 12 25 13 36 4 58-18 44-4 76 41 96 21 10 39 23 40 29 0 6 2 20 5 31 2 11 6 43 10 70l6 50-69 23c-38 12-83 22-100 22-30 0-73 28-73 48 0 7-11 14-25 18-31 8-27 28 6 32 86 9 90 12 111 60 21 46 21 47 3 142-11 57-41 153-75 239l-57 145-84 31c-79 30-91 40-102 75-2 8-37 26-76 40-52 18-87 38-124 72-29 26-89 69-135 95s-99 58-118 71c-19 12-43 21-52 21-9-1-46-21-82-45z\"></path>', 1),
(12, 1, 'Андижон шахри', NULL, 0),
(13, 1, 'Андижон тумани', NULL, 0),
(14, 1, 'Асака шахри', NULL, 0),
(15, 1, 'Асака тумани', NULL, 0),
(16, 1, 'Балиқчи тумани', NULL, 0),
(17, 1, 'Бўз тумани', NULL, 0),
(18, 1, 'Булоқбоши тумани', NULL, 0),
(19, 1, 'Избоскан тумани', NULL, 0),
(20, 1, 'Жалалқудуқ тумани', NULL, 0),
(21, 1, 'Қорасув тумани', NULL, 0),
(22, 1, 'Мархамат тумани', NULL, 0),
(23, 1, 'Олтинкўл тумани', NULL, 0),
(24, 1, 'Пахтаобод тумани', NULL, 0),
(25, 1, 'Қўрғонтепа тумани', NULL, 0),
(26, 1, 'Шахрихон тумани', NULL, 0),
(27, 1, 'Улуғнор тумани', NULL, 0),
(28, 1, 'Хонобод тумани', NULL, 0),
(29, 1, 'Хўжаобод тумани', NULL, 0),
(30, 14, 'Амударё тумани', NULL, 0),
(31, 14, 'Беруний тумани', NULL, 0),
(32, 14, 'Чимбой тумани', NULL, 0),
(33, 14, 'Элликқалъа тумани', NULL, 0),
(34, 14, 'Кегейли тумани', NULL, 0),
(35, 14, 'Мўйноқ тумани', NULL, 0),
(36, 14, 'Нукус шахри', NULL, 0),
(37, 14, 'Нукус тумани', NULL, 0),
(38, 14, 'Қонликўл тумани', NULL, 0),
(39, 14, 'Қораўзак тумани', NULL, 0),
(40, 14, 'Қўнғирот тумани', NULL, 0),
(41, 14, 'Шуманай тумани', NULL, 0),
(42, 14, 'Тахиатош тумани', NULL, 0),
(43, 14, 'Тахтакўпир тумани', NULL, 0),
(44, 14, 'Тўрткўл тумани', NULL, 0),
(45, 14, 'Хўжайли тумани', NULL, 0),
(46, 2, 'Бухоро шахри', NULL, 0),
(47, 2, 'Бухоро тумани', NULL, 0),
(48, 2, 'Ғиждувон тумани', NULL, 0),
(49, 2, 'Жондор тумани', NULL, 0),
(50, 2, 'Қогон шахри', NULL, 0),
(51, 2, 'Когон тумани', NULL, 0),
(52, 2, 'Олот тумани', NULL, 0),
(53, 2, 'Пешку тумани', NULL, 0),
(54, 2, 'Қоракўл тумани', NULL, 0),
(55, 2, 'Қоровулбозор тумани', NULL, 0),
(56, 2, 'Ромитан тумани', NULL, 0),
(57, 2, 'Шофиркон тумани', NULL, 0),
(58, 2, 'Вобкент тумани', NULL, 0),
(59, 4, 'Кармана тумани', NULL, 0),
(60, 4, 'Конимех тумани', NULL, 0),
(61, 4, 'Навбахор тумани', NULL, 0),
(62, 4, 'Навоий шахри', NULL, 0),
(63, 4, 'Навоий тумани', NULL, 0),
(64, 4, 'Қизилтепа тумани', NULL, 0),
(65, 4, 'Томди тумани', NULL, 0),
(66, 4, 'Учқудуқ тумани', NULL, 0),
(67, 4, 'Хатирчи тумани', NULL, 0),
(68, 4, 'Зарафшон тумани', NULL, 0),
(69, 6, 'Булунғур тумани', NULL, 0),
(70, 6, 'Иштихон тумани', NULL, 0),
(71, 6, 'Жонбой тумани', NULL, 0),
(72, 6, 'Каттақўрғон шахри', NULL, 0),
(73, 6, 'Kattaqo`rg`on тумани', NULL, 0),
(74, 6, 'Нарпай тумани', NULL, 0),
(75, 6, 'Нуробод тумани', NULL, 0),
(76, 6, 'Оқдарё тумани', NULL, 0),
(77, 6, 'Паст-Дарғон тумани', NULL, 0),
(78, 6, 'Пахтачи тумани', NULL, 0),
(79, 6, 'Пояриқ тумани', NULL, 0),
(80, 6, 'Қўшрабод тумани', NULL, 0),
(81, 6, 'Самарқанд шахри', NULL, 0),
(82, 6, 'Самарқанд тумани', NULL, 0),
(83, 6, 'Тойлоқ тумани', NULL, 0),
(84, 6, 'Ургут тумани', NULL, 0),
(85, 3, 'Арнасой тумани', NULL, 0),
(86, 3, 'Бахмал тумани', NULL, 0),
(87, 3, 'Дўстлик тумани', NULL, 0),
(88, 3, 'Фориш тумани', NULL, 0),
(89, 3, 'Ғаллаорол тумани', NULL, 0),
(90, 3, 'Жиззах шахри', NULL, 0),
(91, 3, 'Жиззах тумани', NULL, 0),
(92, 3, 'Мирзачўл тумани', NULL, 0),
(93, 3, 'Пахтакор тумани', NULL, 0),
(94, 3, 'Янгиобод тумани', NULL, 0),
(95, 3, 'Зафаробод тумани', NULL, 0),
(96, 3, 'Зарбдор тумани', NULL, 0),
(97, 3, 'Зомин тумани', NULL, 0),
(98, 7, 'Боёвут тумани', NULL, 0),
(99, 7, 'Гулистон шахри', NULL, 0),
(100, 7, 'Гулистон тумани', NULL, 0),
(101, 7, 'Мирзаобод тумани', NULL, 0),
(102, 7, 'Оқолтин тумани', NULL, 0),
(103, 7, 'Сардоба тумани', NULL, 0),
(104, 7, 'Сайхунобод тумани', NULL, 0),
(105, 7, 'Ширин тумани', NULL, 0),
(106, 7, 'Сирдарё тумани', NULL, 0),
(107, 7, 'Ховос тумани', NULL, 0),
(108, 7, 'Янгиер тумани', NULL, 0),
(109, 9, 'Бектемир тумани', NULL, 0),
(110, 9, 'Чилонзор тумани', NULL, 0),
(111, 9, 'Миробод тумани', NULL, 0),
(112, 9, 'Мирзо Улуғбек тумани', NULL, 0),
(113, 9, 'Шайхонтохур тумани', NULL, 0),
(114, 9, 'Сирғали тумани', NULL, 0),
(115, 9, 'Олмазор тумани', NULL, 0),
(116, 9, 'Уч тепа тумани', NULL, 0),
(117, 9, 'Хамза тумани', NULL, 0),
(118, 9, 'Яккасарой тумани', NULL, 0),
(119, 9, 'Юнусобод тумани', NULL, 0),
(120, 10, 'Ангрен тумани', NULL, 0),
(121, 10, 'Бекобод шахри', NULL, 0),
(122, 10, 'Бекобод тумани', NULL, 0),
(123, 10, 'Бўка тумани', NULL, 0),
(124, 10, 'Бўстонлиқ тумани', NULL, 0),
(125, 10, 'Чиноз тумани', NULL, 0),
(126, 10, 'Чирчиқ тумани', NULL, 0),
(127, 10, 'Охангарон тумани', NULL, 0),
(128, 10, 'Олмалиқ тумани', NULL, 0),
(129, 10, 'Оққўрғон тумани', NULL, 0),
(130, 10, 'Охангарон тумани', NULL, 0),
(131, 10, 'Ўрта чирчиқ тумани', NULL, 0),
(132, 10, 'Паркент тумани', NULL, 0),
(133, 10, 'Пскент тумани', NULL, 0),
(134, 10, 'Қибрай тумани', NULL, 0),
(135, 10, 'Қуйи чирчиқ тумани', NULL, 0),
(136, 10, 'Тошкент шахри', NULL, 0),
(137, 10, 'Янгийўл шахри', NULL, 0),
(138, 10, 'Янгийўл тумани', NULL, 0),
(139, 10, 'Юқори Чирчиқ тумани', NULL, 0),
(140, 10, 'Зангиота тумани', NULL, 0),
(141, 13, 'Дехқонобод тумани', NULL, 0),
(142, 13, 'Ғузор тумани', NULL, 0),
(143, 13, 'Касби тумани', NULL, 0),
(144, 13, 'Китоб тумани', NULL, 0),
(145, 13, 'Косон тумани', NULL, 0),
(146, 13, 'Миришкор тумани', NULL, 0),
(147, 13, 'Муборак тумани', NULL, 0),
(148, 13, 'Нишон тумани', NULL, 0),
(149, 13, 'Қамаши тумани', NULL, 0),
(150, 13, 'Қарши шахри', NULL, 0),
(151, 13, 'Қарши тумани', NULL, 0),
(152, 13, 'Шахрисабз тумани', NULL, 0),
(153, 13, 'Яккабоғ тумани', NULL, 0),
(154, 8, 'Ангор тумани', NULL, 0),
(155, 8, 'Бандихон тумани', NULL, 0),
(156, 8, 'Бойсун тумани', NULL, 0),
(157, 8, 'Денов тумани', NULL, 0),
(158, 8, 'Жарқўрғон тумани', NULL, 0),
(159, 8, 'Музрабод тумани', NULL, 0),
(160, 8, 'Олтинсой тумани', NULL, 0),
(161, 8, 'Қизириқ тумани', NULL, 0),
(162, 8, 'Қумқўрғон тумани', NULL, 0),
(163, 8, 'Сариосиё тумани', NULL, 0),
(164, 8, 'Шеробод тумани', NULL, 0),
(165, 8, 'Шўрчи тумани', NULL, 0),
(166, 8, 'Термиз шахри', NULL, 0),
(167, 8, 'Термиз тумани', NULL, 0),
(168, 8, 'Узун тумани', NULL, 0),
(169, 5, 'Чортоқ тумани', NULL, 0),
(170, 5, 'Чуст тумани', NULL, 0),
(171, 5, 'Қосонсой тумани', NULL, 0),
(172, 5, 'Мингбулоқ тумани', NULL, 0),
(173, 5, 'Наманган шахри', NULL, 0),
(174, 5, 'Наманган тумани', NULL, 0),
(175, 5, 'Норин тумани', NULL, 0),
(176, 5, 'Поп тумани', NULL, 0),
(177, 5, 'Тўрақўрғон тумани', NULL, 0),
(178, 5, 'Учқўрғон тумани', NULL, 0),
(179, 5, 'Уйчи тумани', NULL, 0),
(180, 5, 'Янгиқўрғон тумани', NULL, 0),
(181, 11, 'Бешариқ тумани', NULL, 0),
(182, 11, 'Боғдод тумани', NULL, 0),
(183, 11, 'Бувайда тумани', NULL, 0),
(184, 11, 'Данғара тумани', NULL, 0),
(185, 11, 'Фарғона шахри', NULL, 0),
(186, 11, 'Фарғона тумани', NULL, 0),
(187, 11, 'Қува тумани', NULL, 0),
(188, 11, 'Марғилон тумани', NULL, 0),
(189, 11, 'Олтиариқ тумани', NULL, 0),
(190, 11, 'Охунбобоев тумани', NULL, 0),
(191, 11, 'Ўзбекистон тумани', NULL, 0),
(192, 11, 'Қўқон тумани', NULL, 0),
(193, 11, 'Қувасой тумани', NULL, 0),
(194, 11, 'Риштон тумани', NULL, 0),
(195, 11, 'Сух тумани', NULL, 0),
(196, 11, 'Тошлоқ тумани', NULL, 0),
(197, 11, 'Ёзёвон тумани', NULL, 0),
(198, 11, 'Учкўприк тумани', NULL, 0);
INSERT INTO `loc_district` (`id`, `region_id`, `name`, `svg_map`, `sort`) VALUES
(199, 12, 'Тупроққалъа тумани', '<path id=\"Tuproqqal\'a tumani\" class=\"enabled heyo\" d=\"M30290 21294 c-25 -13 -56 -32 -70 -42 -14 -10 -45 -28 -70 -41 -25 -13 -61 -36 -80 -51 -19 -15 -68 -43 -108 -63 -40 -20 -90 -50 -112 -67 -21 -17 -53 -37 -72 -44 -18 -8 -57 -33 -87 -55 -30 -22 -64 -44 -75 -47 -12 -4 -49 -27 -84 -52 -49 -36 -69 -60 -92 -106 -17 -32 -30 -67 -30 -76 0 -10 -13 -34 -30 -55 -19 -24 -30 -49 -30 -70 0 -21 -11 -46 -30 -70 -16 -21 -30 -47 -30 -59 0 -12 -7 -32 -16 -44 -24 -35 -43 -122 -33 -150 5 -13 9 -302 9 -650 0 -609 1 -628 20 -657 18 -28 20 -47 20 -260 0 -126 -3 -253 -6 -281 l-6 -51 -52 9 c-28 4 -146 30 -262 56 l-211 49 -184 136 c-179 132 -187 140 -309 289 l-125 153 -158 90 c-146 84 -166 99 -277 210 l-121 120 -91 178 c-50 97 -95 177 -100 177 -4 0 -8 9 -8 20 0 11 -4 20 -10 20 -5 0 -10 23 -10 50 0 28 -4 50 -10 50 -5 0 -10 13 -10 30 0 16 -11 73 -25 126 -14 53 -25 99 -25 101 0 3 -12 -12 -26 -33 -142 -210 -259 -365 -281 -370 -14 -4 -124 16 -264 48 -132 30 -241 52 -243 49 -2 -3 3 -100 10 -216 8 -124 10 -220 5 -235 -5 -14 -201 -329 -436 -700 -236 -371 -498 -785 -583 -920 -85 -135 -168 -264 -184 -288 -17 -24 -28 -45 -26 -46 20 -16 278 -144 278 -138 0 4 4 2 8 -4 7 -11 80 -49 535 -279 158 -80 287 -143 287 -140 0 2 69 -30 153 -72 l152 -75 115 6 c63 4 156 9 205 11 50 3 182 9 295 15 113 6 398 19 635 30 l430 20 100 98 c94 92 587 571 951 922 137 133 163 163 181 210 12 30 43 171 68 313 l45 258 0 327 c0 309 1 329 20 357 11 17 20 46 20 65 0 30 13 47 123 157 l123 123 92 0 c74 0 98 4 124 20 29 18 51 20 195 20 145 0 166 -2 195 -20 22 -13 51 -20 85 -20 28 0 54 -4 57 -9 13 -20 99 -51 141 -51 26 0 57 -7 72 -17 15 -10 52 -21 82 -25 79 -9 110 -17 158 -39 32 -14 66 -19 138 -19 77 0 101 -4 127 -20 26 -16 51 -20 115 -20 74 0 87 -3 130 -30 36 -23 58 -30 98 -30 31 0 68 -8 93 -20 27 -13 61 -20 102 -20 49 0 68 -5 102 -27 34 -23 57 -29 127 -34 47 -4 106 -12 131 -19 25 -7 83 -16 130 -20 102 -10 135 -17 175 -42 23 -13 50 -18 112 -18 45 0 84 -4 87 -9 13 -20 99 -51 141 -51 27 0 57 -8 77 -20 22 -13 51 -20 85 -20 28 0 54 -4 57 -9 10 -16 95 -51 124 -51 16 0 47 -9 70 -20 22 -11 59 -20 80 -20 24 0 45 -6 53 -16 22 -27 66 -44 113 -44 28 0 58 -8 78 -20 22 -13 51 -20 85 -20 41 0 63 -7 100 -30 40 -26 57 -30 115 -30 50 0 76 -5 100 -20 19 -11 51 -20 74 -20 31 0 46 -6 65 -26 13 -15 65 -57 114 -94 50 -37 116 -95 148 -129 46 -51 57 -69 57 -97 0 -33 34 -119 51 -130 5 -3 9 -29 9 -57 0 -34 7 -63 20 -85 11 -18 20 -44 20 -58 0 -32 21 -73 52 -100 40 -37 146 -84 187 -84 23 0 44 -6 52 -16 18 -22 64 -44 93 -44 14 0 40 -9 58 -20 18 -11 47 -20 64 -20 17 0 37 -7 45 -16 20 -25 65 -44 103 -44 20 0 50 -9 68 -20 19 -12 51 -20 75 -20 23 0 44 -4 47 -9 15 -23 99 -51 154 -51 53 0 61 -3 90 -33 21 -21 32 -43 32 -61 0 -16 9 -45 19 -65 11 -20 22 -48 25 -63 3 -14 17 -40 31 -56 14 -17 25 -43 25 -59 0 -71 249 -380 375 -466 33 -23 107 -77 165 -121 170 -129 183 -136 262 -136 50 0 76 -5 100 -20 24 -15 51 -20 100 -20 50 0 76 -5 100 -20 18 -11 47 -20 64 -20 17 0 38 -7 45 -17 8 -9 32 -24 54 -34 22 -10 52 -30 65 -44 14 -15 61 -52 104 -83 43 -31 97 -71 120 -87 23 -17 69 -71 103 -120 53 -77 62 -96 63 -136 0 -33 8 -59 31 -95 44 -70 245 -271 299 -299 25 -12 64 -32 87 -44 23 -11 53 -21 67 -21 14 0 40 -9 58 -20 18 -11 47 -20 64 -20 17 0 37 -7 45 -16 18 -22 64 -44 93 -44 14 0 40 -9 58 -20 18 -11 47 -20 64 -20 17 0 37 -7 45 -16 20 -24 65 -44 101 -44 38 0 102 -31 168 -79 25 -19 63 -42 85 -53 22 -10 55 -30 74 -44 19 -13 43 -24 55 -24 14 0 67 -46 153 -132 106 -108 132 -140 137 -168 3 -19 10 -60 17 -90 6 -30 14 -125 18 -211 5 -123 10 -160 24 -182 15 -23 17 -54 17 -265 l0 -238 28 -45 c16 -24 32 -57 36 -73 9 -38 92 -125 141 -148 22 -11 55 -30 74 -44 22 -15 48 -24 72 -24 21 0 53 -9 71 -20 26 -16 51 -20 120 -20 l88 0 57 -44 c92 -70 119 -105 179 -226 31 -63 79 -142 105 -177 27 -34 49 -70 49 -80 0 -10 9 -33 20 -51 14 -22 20 -50 20 -90 0 -66 11 -86 124 -236 79 -104 128 -163 212 -255 34 -36 65 -77 69 -91 7 -22 92 -119 214 -245 69 -71 168 -156 226 -195 28 -18 65 -47 83 -63 l32 -31 0 -1453 c0 -1434 0 -1453 -20 -1485 -18 -29 -20 -51 -20 -185 0 -152 0 -152 -30 -200 -29 -46 -30 -50 -30 -170 0 -131 7 -160 50 -198 13 -11 53 -60 90 -110 37 -49 87 -108 110 -130 23 -22 48 -56 56 -75 8 -19 45 -66 83 -105 84 -86 111 -125 111 -160 0 -30 21 -75 44 -94 9 -8 16 -22 16 -33 0 -11 9 -37 19 -57 11 -20 22 -48 25 -63 3 -14 17 -40 31 -56 14 -17 25 -37 25 -46 0 -8 14 -42 30 -74 17 -33 30 -63 30 -68 0 -5 9 -20 20 -34 11 -14 20 -33 20 -44 0 -10 9 -35 19 -55 11 -20 22 -48 25 -63 3 -14 17 -40 31 -56 14 -17 25 -38 25 -47 0 -10 9 -34 19 -54 11 -20 22 -48 25 -63 3 -14 17 -40 31 -56 14 -17 25 -43 25 -58 0 -16 10 -45 23 -64 37 -58 77 -134 77 -148 0 -8 9 -31 19 -51 11 -20 22 -48 25 -63 3 -14 17 -40 31 -56 23 -28 25 -37 25 -135 0 -83 -3 -107 -16 -118 -27 -22 -44 -66 -44 -113 0 -28 -8 -58 -20 -78 -11 -18 -20 -50 -20 -70 0 -21 -9 -52 -20 -70 -18 -30 -20 -51 -20 -228 0 -177 2 -198 20 -228 11 -18 20 -40 20 -48 0 -9 9 -33 19 -53 11 -20 22 -48 25 -63 3 -14 17 -40 31 -56 14 -17 25 -37 25 -46 0 -13 47 -119 68 -152 55 -87 152 -186 288 -294 38 -30 302 -286 587 -569 l517 -515 0 -378 c0 -360 -1 -379 -20 -410 -15 -24 -20 -51 -20 -100 0 -57 5 -76 35 -134 20 -38 40 -71 45 -74 6 -3 14 -28 19 -54 5 -26 18 -57 29 -69 11 -12 24 -35 28 -52 4 -16 15 -46 26 -65 10 -19 18 -42 18 -52 0 -9 11 -30 25 -46 14 -17 29 -52 34 -78 7 -35 17 -55 38 -71 15 -13 31 -23 35 -23 3 0 34 27 67 60 34 33 64 60 67 60 11 0 99 64 124 90 14 14 41 37 60 50 19 14 49 38 66 55 17 16 60 50 95 75 59 42 94 71 225 185 29 25 56 45 61 45 5 0 31 23 58 50 27 28 54 50 60 50 6 0 33 23 60 50 27 28 57 50 66 50 8 0 36 19 62 43 68 63 160 136 192 153 16 8 50 34 76 57 84 75 151 131 193 161 23 16 70 57 106 90 36 34 103 88 149 121 94 68 212 162 409 327 71 60 182 149 257 207 28 21 57 46 65 56 8 9 39 34 70 55 30 21 92 72 138 114 45 42 88 76 95 76 6 0 57 39 112 86 55 47 121 100 146 118 25 17 95 74 154 126 59 52 135 114 169 137 33 24 95 74 136 111 41 38 102 87 135 109 33 23 85 67 115 98 30 31 74 66 98 77 24 12 80 54 125 95 44 41 113 97 151 123 39 26 82 60 96 75 14 15 66 58 115 95 50 37 122 96 161 131 39 35 100 87 135 114 35 28 99 82 142 120 44 39 108 88 143 110 35 22 96 70 136 106 40 36 98 83 128 103 30 21 84 66 120 101 36 34 88 75 115 90 28 16 86 63 131 104 45 42 129 114 189 161 59 47 137 111 174 143 36 32 82 67 101 77 19 11 77 59 128 108 l92 89 0 64 c1 47 7 77 25 114 16 32 25 67 25 98 0 34 8 62 30 100 21 38 30 67 30 99 0 25 9 65 20 89 12 27 20 66 20 102 0 45 6 69 30 110 23 41 30 66 30 106 0 32 8 67 20 91 13 25 20 59 20 95 0 43 7 67 30 108 23 42 30 66 30 109 0 34 8 73 20 99 11 24 20 63 20 87 0 28 10 62 30 99 26 48 30 66 30 132 0 93 -10 112 -109 201 -40 36 -123 112 -185 170 -62 58 -138 125 -170 150 -106 82 -273 227 -460 400 -57 52 -134 120 -171 150 -66 54 -129 109 -350 310 -111 101 -166 149 -291 250 -37 30 -124 109 -193 176 -69 67 -148 136 -176 154 -69 46 -137 105 -284 246 -69 67 -148 136 -176 154 -27 18 -93 74 -146 124 -53 50 -126 116 -163 146 -84 68 -215 184 -349 311 -56 53 -113 99 -127 104 -14 4 -104 85 -200 180 -96 95 -186 176 -200 180 -25 8 -81 56 -284 245 -62 58 -139 125 -171 150 -33 25 -118 101 -190 170 -73 69 -162 150 -199 180 -148 121 -191 158 -255 216 -98 91 -129 102 -186 64 -16 -11 -43 -20 -60 -20 -16 0 -50 -14 -75 -30 -25 -16 -52 -30 -60 -30 -8 0 -28 -9 -45 -20 -16 -11 -39 -20 -50 -20 -11 0 -33 -9 -50 -20 -16 -11 -39 -20 -49 -20 -11 0 -43 -13 -73 -30 -29 -16 -66 -30 -81 -30 -17 0 -45 -12 -67 -30 -21 -16 -47 -30 -59 -30 -11 0 -34 -9 -51 -20 -16 -11 -38 -20 -47 -20 -9 0 -60 -23 -114 -50 -54 -28 -109 -50 -124 -50 -15 0 -44 -13 -65 -30 -24 -19 -49 -30 -69 -30 -17 0 -44 -9 -61 -20 -16 -11 -39 -20 -50 -20 -11 0 -33 -9 -50 -20 -16 -11 -46 -20 -65 -20 -32 0 -68 34 -542 503 -615 607 -3950 3926 -6291 6260 l-1702 1697 -165 0 c-145 0 -169 2 -197 19 -39 25 -119 29 -648 39 -348 6 -394 9 -418 25 -24 16 -67 17 -524 17 -475 0 -499 1 -530 19 -39 25 -119 29 -648 39 -348 6 -394 9 -418 25 -23 15 -56 17 -298 17 l-272 0 -49 30 c-41 26 -58 30 -116 30 -49 0 -76 5 -100 20 -20 13 -50 20 -80 20 -38 0 -57 6 -88 30 -31 23 -49 30 -89 30 -32 0 -62 7 -83 20 -23 14 -50 20 -90 20 -49 0 -65 5 -98 30 -33 25 -48 29 -102 30 -43 0 -75 6 -102 20 -22 11 -52 20 -67 20 -30 0 -98 22 -144 45 -15 8 -54 15 -86 15 -40 0 -68 6 -91 20 -44 27 -114 24 -172 -6z\"></path>', 14),
(200, 12, 'Хива шаҳар', '<path id=\"Xiva sharhi\" class=\"enabled heyo\" d=\"m9488 23456c-20-6-40-14-44-18-4-5-16-8-26-8-31 0-124-58-166-105-45-48-68-109-58-150 4-15 32-54 63-86 54-57 56-60 50-105-4-39 0-56 25-102 25-44 28-56 17-63-8-5-19-9-25-9-7 0-15-7-18-16-21-55 14-101 82-106 41-3 45-6 58-43 9-25 13-58 9-86-4-39-2-50 20-73 21-22 25-37 25-85 0-49 5-65 30-99 16-23 47-50 67-61 42-21 69-49 101-101 11-19 56-70 100-113 59-57 87-77 106-77 15 0 39-6 54-14 15-7 57-16 93-20l67-6 65 59c70 64 123 85 152 61 13-11 28-2 93 61 42 41 94 93 114 117 34 38 37 46 26 65-8 14-12 67-11 150 1 103 4 131 17 146 9 10 16 25 16 34 0 22 21 67 32 67 4 0 8 20 8 45s4 45 9 45 11 19 15 43c6 34 19 54 69 105 34 34 66 62 72 62 5 1 28 19 50 40 22 22 47 42 56 45 8 3 28 25 43 50 16 25 33 45 37 45 5 0 9 10 9 23 0 12 7 31 15 41 8 11 15 36 15 56s5 41 12 48c9 9-8 12-80 12-86 0-142 13-142 32 0 4-7 8-16 8s-30 7-47 16c-18 9-40 21-49 25-10 5-26 13-35 18-62 33-97 41-168 41-52 0-87-5-108-16-18-10-44-23-59-30-14-8-57-14-97-14-39 0-71-4-71-9 0-18-60-33-112-28-76 8-118 18-118 29 0 6-44 7-120 3-119-7-119-7-177 22-73 38-99 43-145 29z\"></path>', 2);

-- --------------------------------------------------------

--
-- Table structure for table `loc_region`
--

CREATE TABLE `loc_region` (
  `id` int(11) NOT NULL,
  `name` varchar(255) NOT NULL COMMENT 'Вилоят',
  `svg_map` longtext DEFAULT NULL,
  `jpg_map` varchar(255) DEFAULT NULL,
  `active_to` date DEFAULT NULL,
  `active_each` date DEFAULT NULL
) ENGINE=InnoDB DEFAULT CHARSET=utf8;

--
-- Dumping data for table `loc_region`
--

INSERT INTO `loc_region` (`id`, `name`, `svg_map`, `jpg_map`, `active_to`, `active_each`) VALUES
(1, 'Андижон вилояти', NULL, '', NULL, NULL),
(2, 'Бухоро вилояти', NULL, '', NULL, NULL),
(3, 'Жиззах вилояти', NULL, '', NULL, NULL),
(4, 'Навоий вилояти', NULL, '', NULL, NULL),
(5, 'Наманган вилояти', NULL, '', NULL, NULL),
(6, 'Самарқанд вилояти', NULL, '', NULL, NULL),
(7, 'Сирдарё вилояти', NULL, '', NULL, NULL),
(8, 'Сурхондарё вилояти', NULL, '', NULL, NULL),
(9, 'Тошкент шахар', NULL, '', NULL, NULL),
(10, 'Тошкент вилояти', NULL, '', NULL, NULL),
(11, 'Фарғона вилояти', NULL, '', NULL, NULL),
(12, 'Хоразм вилояти', NULL, '', NULL, NULL),
(13, 'Қашқадарё вилояти', NULL, '', NULL, NULL),
(14, 'Қорақалпоғистон Республикаси', NULL, '', NULL, NULL);

-- --------------------------------------------------------

--
-- Table structure for table `loc_village`
--

CREATE TABLE `loc_village` (
  `id` int(11) NOT NULL,
  `name` varchar(255) NOT NULL COMMENT 'Маҳалла',
  `region_id` int(11) NOT NULL,
  `district_id` int(11) NOT NULL COMMENT 'Туман (шахар)',
  `svg_map` longtext DEFAULT NULL,
  `jpg_map` varchar(255) DEFAULT NULL COMMENT 'Туман ҳаритаси',
  `sort` int(11) NOT NULL DEFAULT 0
) ENGINE=InnoDB DEFAULT CHARSET=utf8;

--
-- Dumping data for table `loc_village`
--

INSERT INTO `loc_village` (`id`, `name`, `region_id`, `district_id`, `svg_map`, `jpg_map`, `sort`) VALUES
(1, 'Мустакиллик МФЙ', 12, 11, NULL, NULL, 1),
(2, 'Феруз  МФЙ', 12, 11, NULL, NULL, 2),
(3, 'Маърифат  МФЙ', 12, 11, NULL, NULL, 3),
(4, 'Юкори-бог  МФЙ', 12, 11, NULL, NULL, 4),
(5, 'Ал Хоразмий', 12, 11, NULL, NULL, 5),
(6, 'Беш Мерган ', 12, 11, NULL, NULL, 6),
(7, 'Шодлик МФЙ', 12, 11, NULL, NULL, 7),
(8, 'Гулшан МФЙ', 12, 11, NULL, NULL, 8),
(9, 'Гулзор МФЙ', 12, 11, NULL, NULL, 9),
(10, '\"Навбахор\" МФЙ', 12, 11, NULL, NULL, 10),
(11, 'Авесто мфй ', 12, 11, NULL, NULL, 11),
(12, 'Машъал МФЙ', 12, 11, NULL, NULL, 12),
(13, 'Янги хаёт  МФЙ', 12, 11, NULL, NULL, 13),
(14, '\"Ашхабод\" МФЙ', 12, 11, NULL, NULL, 14),
(15, 'Хамжихатлик МФЙ', 12, 11, NULL, NULL, 15),
(16, '\"Янги обод\"  МФЙ', 12, 11, NULL, NULL, 16),
(17, '\"Саховат\" МФЙ', 12, 11, NULL, NULL, 17),
(18, 'Жамбул МФЙ', 12, 11, NULL, NULL, 18),
(19, 'Бобур МФЙ', 12, 11, NULL, NULL, 19),
(20, '\"Оби-Хаёт\" МФЙ', 12, 11, NULL, NULL, 20),
(21, 'Наврўз МФЙ', 12, 11, NULL, NULL, 21),
(22, '\"Истиклол\" МФЙ', 12, 11, NULL, NULL, 22),
(23, 'Кухна калъа МФЙ', 12, 11, NULL, NULL, 23),
(24, '\"Тоза-бог\"  МФЙ', 12, 11, NULL, NULL, 24),
(25, 'Умид МФЙ', 12, 11, NULL, NULL, 25),
(26, 'Жингавуз МФЙ', 12, 11, NULL, NULL, 26),
(27, '\"Дўстлик\" МФЙ', 12, 11, NULL, NULL, 27),
(28, 'Темирйулчи', 12, 11, NULL, NULL, 28),
(29, 'Байналминалчи МФЙ', 12, 11, NULL, NULL, 29),
(30, 'Олимпия  МФЙ', 12, 11, NULL, NULL, 30),
(31, 'Гулчилар МФЙ', 12, 11, NULL, NULL, 31),
(32, 'Бустон МФЙ', 12, 11, NULL, NULL, 32),
(33, 'Камолот МФЙ', 12, 11, NULL, NULL, 33),
(34, '\"Зиёкорлар\" МФЙ', 12, 11, NULL, NULL, 34),
(35, 'Бинокор МФЙ', 12, 11, NULL, NULL, 35),
(36, 'Олма боғ  МФЙ', 12, 11, NULL, NULL, 36),
(37, 'Ж.Мангуберди  МФЙ', 12, 11, NULL, NULL, 37),
(38, '\"Исломобод\" МФЙ', 12, 11, NULL, NULL, 38),
(39, 'Янги турмуш  МФЙ', 12, 200, NULL, NULL, 1),
(40, 'Каптархона МФЙ ', 12, 200, NULL, NULL, 2),
(41, 'Кумяска МФЙ ', 12, 200, NULL, NULL, 3),
(42, 'Мевастан МФЙ ', 12, 200, NULL, NULL, 4),
(43, 'Калта минор МФЙ ', 12, 200, NULL, NULL, 5),
(44, 'Шихлар МФЙ ', 12, 200, NULL, NULL, 6),
(45, 'Ичан калъа МФЙ ', 12, 200, NULL, NULL, 7),
(46, 'Қибла тозабоғ МФЙ ', 12, 200, NULL, NULL, 8),
(47, 'Лолазор МФЙ ', 12, 200, NULL, NULL, 9),
(48, 'Киёт МФЙ ', 12, 200, NULL, NULL, 10),
(49, 'Янги хаёт МФЙ ', 12, 200, NULL, NULL, 11),
(50, 'Гулирайхон МФЙ ', 12, 200, NULL, NULL, 12),
(51, 'Гулистон МФЙ ', 12, 200, NULL, NULL, 13),
(52, 'Бинокор МФЙ ', 12, 200, NULL, NULL, 14),
(53, 'Гулшан 2 МФЙ ', 12, 200, NULL, NULL, 15),
(54, 'Дўстлик МФЙ ', 12, 200, NULL, NULL, 16),
(55, 'Гиламчи МФЙ ', 12, 200, NULL, NULL, 17),
(56, 'Газчи МФЙ ', 12, 200, NULL, NULL, 18),
(57, 'Ангарик МФЙ ', 12, 200, NULL, NULL, 19),
(58, 'Сангар МФЙ', 12, 200, NULL, NULL, 20),
(59, 'Тозабоғ МФЙ ', 12, 200, NULL, NULL, 21),
(68, '\"Усталар\" МФЙ', 12, 2, NULL, NULL, 1),
(69, '\"Юксалиш\" МФЙ', 12, 2, NULL, NULL, 2),
(70, '\"Намуна\" МФЙ', 12, 2, NULL, NULL, 3),
(71, '\"Гулзор\" МФЙ', 12, 2, NULL, NULL, 4),
(72, '\"Боғзор\" МФЙ', 12, 2, NULL, NULL, 5),
(73, '\"Ўзбекистон\" МФЙ', 12, 2, NULL, NULL, 6),
(74, '\"Навбаҳор\" МФЙ', 12, 2, NULL, NULL, 7),
(75, '\"Меҳнатгули\" МФЙ', 12, 2, NULL, NULL, 8),
(76, '\"Қулонқорабоғ\" МФЙ', 12, 2, NULL, NULL, 9),
(77, '\"Ёш ўсмир\" МФЙ', 12, 2, NULL, NULL, 10),
(78, '\"Пахтаобод\" МФЙ', 12, 2, NULL, NULL, 11),
(79, '\"Қорабоғ\" МФЙ', 12, 2, NULL, NULL, 12),
(80, '\"Беруний\" МФЙ', 12, 2, NULL, NULL, 13),
(81, '\"Боғистон\" МФЙ', 12, 2, NULL, NULL, 14),
(82, '\"Узумзор\" ШФЙ', 12, 2, NULL, NULL, 15),
(83, '\"Дехқонобод\" МФЙ', 12, 2, NULL, NULL, 16),
(84, '\"Ҳунарманд\" МФЙ', 12, 2, NULL, NULL, 17),
(85, '\"Ўзгариш\" МФЙ', 12, 2, NULL, NULL, 18),
(86, '\"Тўпчи\" МФЙ', 12, 2, NULL, NULL, 19),
(87, '\"Қипчоқ\" МФЙ', 12, 2, NULL, NULL, 20),
(88, '\"Бўка\" МФЙ', 12, 2, NULL, NULL, 21),
(89, '\"Ҳуррият\" МФЙ', 12, 2, NULL, NULL, 22),
(90, '\"Оқтепа\" МФЙ', 12, 2, NULL, NULL, 23),
(91, '\"Янги қадам\" ШФЙ', 12, 2, NULL, NULL, 24),
(92, 'Қалажиққалъа МФЙ', 12, 2, NULL, NULL, 25),
(93, '\"Маданият\" МФЙ', 12, 2, NULL, NULL, 26),
(94, '\"Ғалаба\" МФЙ', 12, 2, NULL, NULL, 27),
(95, '\"Оқолтин\" МФЙ', 12, 2, NULL, NULL, 28),
(96, '\"Наврўз\" МФЙ', 12, 2, NULL, NULL, 29),
(97, '\"Нурлиҳаёт\" МФЙ', 12, 2, NULL, NULL, 30),
(98, '\"Найман\" МФЙ', 12, 2, NULL, NULL, 31),
(99, '\"Саҳоват\" МФЙ', 12, 2, NULL, NULL, 32),
(100, '\"Тозабозор\" МФЙ', 12, 2, NULL, NULL, 33),
(101, '\"Маънавият\" МФЙ', 12, 2, NULL, NULL, 34),
(102, '\"Сохибкор\" МФЙ', 12, 2, NULL, NULL, 35),
(103, '\"Кўнабирлашув\" МФЙ', 12, 2, NULL, NULL, 36),
(104, '\"Қумбодоқ\" МФЙ', 12, 2, NULL, NULL, 37),
(105, '\"Нурафшон\" ШФЙ', 12, 2, NULL, NULL, 38),
(106, '\"Ашхабод\" МФЙ', 12, 2, NULL, NULL, 39),
(107, '\"Нурлимаскан\" МФЙ', 12, 2, NULL, NULL, 40),
(108, '\"Гулшан\" МФЙ', 12, 2, NULL, NULL, 41),
(109, '\"Олтинқум\" ШФЙ', 12, 2, NULL, NULL, 42),
(110, '\"Обод\" МФЙ', 12, 2, NULL, NULL, 43),
(111, 'Янгибоғ МФЙ', 12, 3, NULL, NULL, 1),
(112, 'Нуробод МФЙ', 12, 3, NULL, NULL, 2),
(113, 'Мададкор МФЙ', 12, 3, NULL, NULL, 3),
(114, 'Зиёкор МФЙ', 12, 3, NULL, NULL, 4),
(115, 'Навбир-ёп МФЙ', 12, 3, NULL, NULL, 5),
(116, 'Дехқон МФЙ', 12, 3, NULL, NULL, 6),
(117, 'Дўсимбий МФЙ', 12, 3, NULL, NULL, 7),
(118, 'Тахтакўпир МФЙ', 12, 3, NULL, NULL, 8),
(119, 'Марбугат МФЙ', 12, 3, NULL, NULL, 9),
(120, 'Шанғи МФЙ', 12, 3, NULL, NULL, 10),
(121, 'Дўстлик МФЙ', 12, 3, NULL, NULL, 11),
(122, 'Наврўз МФЙ', 12, 3, NULL, NULL, 12),
(123, 'Ишонч МФЙ', 12, 3, NULL, NULL, 13),
(124, 'Маърифат МФЙ', 12, 3, NULL, NULL, 14),
(125, 'Янги аср МФЙ', 12, 3, NULL, NULL, 15),
(126, 'Эсабий МФЙ', 12, 3, NULL, NULL, 16),
(127, 'Нурафшон МФЙ', 12, 3, NULL, NULL, 17),
(128, 'Мевазор МФЙ', 12, 3, NULL, NULL, 18),
(129, 'Дўстлик боғи МФЙ', 12, 3, NULL, NULL, 19),
(130, 'Қангли МФЙ', 12, 3, NULL, NULL, 20),
(131, 'Оққум МФЙ', 12, 3, NULL, NULL, 21),
(132, 'Олчин МФЙ', 12, 3, NULL, NULL, 22),
(133, 'Бўзқалъа МФЙ', 12, 3, NULL, NULL, 23),
(134, 'Дехқонобод МФЙ', 12, 3, NULL, NULL, 24),
(135, 'Болдоқли МФЙ', 12, 3, NULL, NULL, 25),
(136, 'Навбахор МФЙ', 12, 3, NULL, NULL, 26),
(137, 'Боғишамол МФЙ', 12, 3, NULL, NULL, 27),
(138, 'Гулшан МФЙ', 12, 3, NULL, NULL, 28),
(139, 'Нукус МФЙ', 12, 3, NULL, NULL, 29),
(140, 'Бирлашган МФЙ', 12, 3, NULL, NULL, 30),
(141, 'Нурли йўл МФЙ', 12, 3, NULL, NULL, 31),
(142, 'Пахтакор МФЙ', 12, 3, NULL, NULL, 32),
(143, 'Ўйилма МФЙ', 12, 3, NULL, NULL, 33),
(144, 'Беш уй МФЙ', 12, 3, NULL, NULL, 34),
(145, 'Чинобод МФЙ', 12, 3, NULL, NULL, 35),
(146, 'Боғистон МФЙ', 12, 3, NULL, NULL, 36),
(147, 'Шодлик МФЙ', 12, 3, NULL, NULL, 37),
(148, 'Фидокор МФЙ', 12, 3, NULL, NULL, 1),
(149, 'Обод МФЙ', 12, 3, NULL, NULL, 39),
(150, 'Сахтиён МФЙ', 12, 3, NULL, NULL, 40),
(151, 'Ватанпарвар МФЙ', 12, 3, NULL, NULL, 41),
(152, 'Чаккалар МФЙ', 12, 3, NULL, NULL, 42),
(153, 'Мойли МФЙ', 12, 3, NULL, NULL, 43),
(154, 'Эшимжирон МФЙ', 12, 3, NULL, NULL, 44),
(155, 'Ёрмиш МФЙ', 12, 3, NULL, NULL, 45),
(156, 'Қатариқ МФЙ', 12, 3, NULL, NULL, 46),
(157, 'Пахтачи МФЙ', 12, 3, NULL, NULL, 47),
(158, 'Совунчи МФЙ', 12, 3, NULL, NULL, 48),
(159, 'Жалойир МФЙ', 12, 3, NULL, NULL, 49),
(160, 'Тоза ёрган МФЙ', 12, 3, NULL, NULL, 50),
(161, '\"Иттифоқ\" МФЙ', 12, 4, NULL, NULL, 1),
(162, '\"Ошоқ қальа\" МФЙ', 12, 4, NULL, NULL, 2),
(163, '\"Ўртаёп\" МФЙ', 12, 4, NULL, NULL, 3),
(164, '\"Адолат\" МФЙ', 12, 4, NULL, NULL, 4),
(165, '\"Ифтихор\" МФЙ', 12, 4, NULL, NULL, 5),
(166, '\"Уйғур\" МФЙ', 12, 4, NULL, NULL, 6),
(167, '\"Ғалаба\" МФЙ', 12, 4, NULL, NULL, 7),
(168, '\"Хосиён\" МФЙ', 12, 4, NULL, NULL, 8),
(169, '\"Тагалак\" МФЙ', 12, 4, NULL, NULL, 9),
(170, '\"Хайробод\" МФЙ', 12, 4, NULL, NULL, 10),
(171, '\"Кўназей\" МФЙ', 12, 4, NULL, NULL, 11),
(172, 'Кўктом', 12, 4, NULL, NULL, 12),
(173, 'Қадрият', 12, 4, NULL, NULL, 13),
(174, 'Полвон', 12, 4, NULL, NULL, 14),
(175, 'Ўзбекистон ', 12, 4, NULL, NULL, 15),
(176, 'Дурдона', 12, 4, NULL, NULL, 16),
(177, 'Олтин воҳа ', 12, 4, NULL, NULL, 17),
(178, 'Хонобод', 12, 4, NULL, NULL, 18),
(179, 'Зарбдор', 12, 4, NULL, NULL, 19),
(180, '\"Незахос\" ', 12, 4, NULL, NULL, 20),
(181, 'Ўрта кишлоқ', 12, 4, NULL, NULL, 21),
(182, 'Шихмашхад МФЙ', 12, 4, NULL, NULL, 22),
(183, 'Кенагас', 12, 4, NULL, NULL, 23),
(184, 'Қоромон', 12, 4, NULL, NULL, 24),
(185, 'Икбол   МФЙ', 12, 4, NULL, NULL, 25),
(186, 'Маданият МФЙ', 12, 4, NULL, NULL, 26),
(187, 'Тараккиёт  МФЙ', 12, 4, NULL, NULL, 27),
(188, 'Гулзор МФЙ', 12, 4, NULL, NULL, 28),
(189, 'Бохористон  МФЙ', 12, 4, NULL, NULL, 29),
(190, 'Чаманзор  МФЙ', 12, 4, NULL, NULL, 30),
(191, ' Ёвгир МФЙ', 12, 4, NULL, NULL, 31),
(192, 'Янгилик  МФЙ', 12, 4, NULL, NULL, 32),
(193, 'Айронкўл  МФЙ', 12, 4, NULL, NULL, 33),
(194, 'Месит  МФЙ', 12, 4, NULL, NULL, 34),
(195, 'Довуд  МФЙ', 12, 4, NULL, NULL, 35),
(196, 'Араблар МФЙ', 12, 4, NULL, NULL, 36),
(197, 'Баратлар МФЙ', 12, 4, NULL, NULL, 37),
(198, 'Амиркум', 12, 4, NULL, NULL, 38),
(199, 'Бўрлоқ', 12, 4, NULL, NULL, 39),
(200, 'Қоровул', 12, 4, NULL, NULL, 40),
(201, 'Вахимчи', 12, 4, NULL, NULL, 41),
(202, 'Дўстлик', 12, 4, NULL, NULL, 42),
(203, 'Илгалди', 12, 4, NULL, NULL, 43),
(204, 'Шеробод', 12, 4, NULL, NULL, 44),
(205, 'Меҳнатобод', 12, 4, NULL, NULL, 45),
(206, 'Пахтакор', 12, 4, NULL, NULL, 46),
(207, 'Бекобод', 12, 4, NULL, NULL, 47),
(208, 'Ёшлик', 12, 4, NULL, NULL, 48),
(209, 'Боғзор', 12, 4, NULL, NULL, 49),
(210, 'Шихобод', 12, 4, NULL, NULL, 50),
(243, 'Дашёқ', 12, 6, NULL, NULL, 1),
(244, 'Гулшан', 12, 6, NULL, NULL, 2),
(245, 'Бўстон', 12, 6, NULL, NULL, 3),
(246, 'Қорақум', 12, 6, NULL, NULL, 4),
(247, 'Оқ ёп', 12, 6, NULL, NULL, 5),
(248, 'Серчали', 12, 6, NULL, NULL, 6),
(249, 'Истиқлол', 12, 6, NULL, NULL, 7),
(250, 'Хорвуз', 12, 6, NULL, NULL, 8),
(251, 'Шомохулум', 12, 6, NULL, NULL, 9),
(252, 'Варангзон', 12, 6, NULL, NULL, 10),
(253, 'Сапча', 12, 6, NULL, NULL, 11),
(254, 'Чанашиқ', 12, 6, NULL, NULL, 12),
(255, 'Парчанхос', 12, 6, NULL, NULL, 13),
(256, 'Гандимён', 12, 6, NULL, NULL, 14),
(257, 'Атажон Тўра', 12, 6, NULL, NULL, 15),
(258, 'Полосултон', 12, 6, NULL, NULL, 16),
(259, 'Париша', 12, 6, NULL, NULL, 17),
(260, 'Соёт', 12, 6, NULL, NULL, 18),
(261, 'Чинобод', 12, 6, NULL, NULL, 19),
(262, 'Хазрати Хайит эшон', 12, 6, NULL, NULL, 20),
(263, 'Шайх Нажмиддин Кубро', 12, 6, NULL, NULL, 21),
(264, 'Шўркўл', 12, 6, NULL, NULL, 22),
(265, 'Қаттибош', 12, 6, NULL, NULL, 23),
(266, 'Журён', 12, 6, NULL, NULL, 24),
(267, 'Қумёп', 12, 6, NULL, NULL, 25),
(268, 'Арвик', 12, 6, NULL, NULL, 26),
(269, 'Индавак', 12, 6, NULL, NULL, 27),
(270, 'Ал-Хоразмий', 12, 6, NULL, NULL, 28),
(271, 'Пишканик', 12, 6, NULL, NULL, 29),
(272, 'Пирнахос', 12, 6, NULL, NULL, 30),
(273, 'Паномахсим', 12, 6, NULL, NULL, 31),
(274, 'Қушчи каттабоғ', 12, 6, NULL, NULL, 32),
(275, 'Ғовук', 12, 6, NULL, NULL, 33),
(276, 'Аваз дунак', 12, 6, NULL, NULL, 34),
(277, '“Қорамози” МФЙ ', 12, 7, NULL, NULL, 1),
(278, '“Гулистон” МФЙ ', 12, 7, NULL, NULL, 2),
(279, '“Истиқлол” МФЙ ', 12, 7, NULL, NULL, 3),
(280, ' “Пахтагул” МФЙ   ', 12, 7, NULL, NULL, 4),
(281, '“Янги турмуш” МФЙ  ', 12, 7, NULL, NULL, 5),
(282, '“Ойдин ҳаёт” МФЙ  ', 12, 7, NULL, NULL, 6),
(283, '“Ширин” МФЙ ', 12, 7, NULL, NULL, 7),
(284, '“Илғор” МФЙ  ', 12, 7, NULL, NULL, 8),
(285, '“Дўстлик” МФЙ  ', 12, 7, NULL, NULL, 9),
(286, '“Баркамоллик” МФЙ ', 12, 7, NULL, NULL, 10),
(287, '“Фидойилар” МФЙ ', 12, 7, NULL, NULL, 11),
(288, '“Ватанпарвар” МФЙ ', 12, 7, NULL, NULL, 12),
(289, '“Жаннатмакон” МФЙ ', 12, 7, NULL, NULL, 13),
(290, '\"Паҳлавонлар\" МФЙ', 12, 7, NULL, NULL, 14),
(291, '\"Дургадик\" МФЙ', 12, 7, NULL, NULL, 15),
(292, '\"Махорат\" МФЙ', 12, 7, NULL, NULL, 16),
(293, '\"Эзгулик\" МФЙ', 12, 7, NULL, NULL, 17),
(294, '\"Наврўз\" МФЙ', 12, 7, NULL, NULL, 18),
(295, '\"Олчин\" МФЙ', 12, 7, NULL, NULL, 19),
(296, '\"Гулғунча\" МФЙ', 12, 7, NULL, NULL, 20),
(297, '\"Тома \"МФЙ', 12, 7, NULL, NULL, 21),
(298, '\"Мош тўғай\" МФЙ', 12, 7, NULL, NULL, 22),
(299, '\"Таянч\" МФЙ', 12, 7, NULL, NULL, 23),
(300, 'Ахиллик МФЙ', 12, 7, NULL, NULL, 24),
(301, 'Бунёдкор МФЙ ', 12, 7, NULL, NULL, 25),
(302, 'Ғайрат МФЙ', 12, 7, NULL, NULL, 26),
(303, 'Знахос МФЙ ', 12, 7, NULL, NULL, 27),
(304, 'Катта куч МФЙ ', 12, 7, NULL, NULL, 28),
(305, 'Маданият МФЙ ', 12, 7, NULL, NULL, 29),
(306, 'Мустақиллик МФЙ ', 12, 7, NULL, NULL, 30),
(307, 'Нурафшон МФЙ ', 12, 7, NULL, NULL, 31),
(308, 'Нуробод МФЙ ', 12, 7, NULL, NULL, 32),
(309, 'Порлоқ МФЙ ', 12, 7, NULL, NULL, 33),
(310, 'Шодлик МФЙ ', 12, 7, NULL, NULL, 34),
(311, 'Янгиланиш МФЙ ', 12, 7, NULL, NULL, 35),
(312, '“Пахтакор” МФЙ  ', 12, 7, NULL, NULL, 36),
(313, '“Маданий ер” МФЙ  ', 12, 7, NULL, NULL, 37),
(314, '“Дўрмон” МФЙ  ', 12, 7, NULL, NULL, 38),
(315, '“Обод” МФЙ  ', 12, 7, NULL, NULL, 39),
(316, '“Туркистон” МФЙ', 12, 7, NULL, NULL, 40),
(317, '“Ёш куч” МФЙ ', 12, 7, NULL, NULL, 41),
(318, '“Эҳтиром” МФЙ ', 12, 7, NULL, NULL, 43),
(319, '“Муқаддас”  МФЙ', 12, 7, NULL, NULL, 44),
(320, 'Пахтакор мфй', 12, 8, NULL, NULL, 1),
(321, 'Истиқбол мфй', 12, 8, NULL, NULL, 2),
(322, 'Ойдин мфй', 12, 8, NULL, NULL, 3),
(323, 'Қиёт мфй', 12, 8, NULL, NULL, 4),
(324, 'Идалиқалъа мфй', 12, 8, NULL, NULL, 5),
(325, 'К.Отониёзов мфй', 12, 8, NULL, NULL, 6),
(326, 'Қундуз мфй', 12, 8, NULL, NULL, 7),
(327, 'Маданият мфй', 12, 8, NULL, NULL, 8),
(328, 'Бешчиқир мфй', 12, 8, NULL, NULL, 9),
(329, 'Чиғатой мфй', 12, 8, NULL, NULL, 10),
(330, 'Ижтимоят мфй', 12, 8, NULL, NULL, 11),
(331, 'Пўлат мфй', 12, 8, NULL, NULL, 12),
(332, 'Гулшан мфй', 12, 8, NULL, NULL, 13),
(333, 'Янгиборлоқ мфй', 12, 8, NULL, NULL, 14),
(334, 'Қангли мфй', 12, 8, NULL, NULL, 15),
(335, 'Қўшкўпир мфй', 12, 8, NULL, NULL, 16),
(336, 'Зомондош мфй ', 12, 8, NULL, NULL, 17),
(337, 'Бунёдкор мфй ', 12, 8, NULL, NULL, 18),
(338, 'Қум-ёп мфй ', 12, 8, NULL, NULL, 19),
(339, 'Асавей мфй ', 12, 8, NULL, NULL, 20),
(340, 'Оқолтин мфй ', 12, 8, NULL, NULL, 21),
(341, 'Қирғоқбўйи мфй ', 12, 8, NULL, NULL, 22),
(342, 'Арбоб мфй', 12, 8, NULL, NULL, 23),
(343, 'Моноқ мфй ', 12, 8, NULL, NULL, 24),
(344, 'Огохий мфй', 12, 8, NULL, NULL, 25),
(345, 'Тўқманғит мфй', 12, 8, NULL, NULL, 26),
(346, 'Бешмарган мфй', 12, 8, NULL, NULL, 27),
(347, 'Янгийўл мфй', 12, 8, NULL, NULL, 28),
(348, 'Дўстлик мфй', 12, 8, NULL, NULL, 29),
(349, 'Янгиобод мфй', 12, 8, NULL, NULL, 30),
(350, 'Узункўл мфй', 12, 8, NULL, NULL, 31),
(351, 'Хитой мфй', 12, 8, NULL, NULL, 32),
(352, 'Тараққиёт мфй', 12, 8, NULL, NULL, 33),
(353, 'Қозоққальа мфй', 12, 8, NULL, NULL, 34),
(354, 'Ипакчи мфй', 12, 8, NULL, NULL, 35),
(355, 'Гулистон мфй', 12, 8, NULL, NULL, 36),
(356, 'Наврўз мфй', 12, 8, NULL, NULL, 37),
(357, 'Мевазор мфй', 12, 8, NULL, NULL, 38),
(358, 'Бўстон мфй', 12, 8, NULL, NULL, 39),
(359, 'Роят мфй', 12, 8, NULL, NULL, 40),
(360, 'Шовот мфй ', 12, 8, NULL, NULL, 41),
(361, 'Туркистон мфй', 12, 8, NULL, NULL, 42),
(362, 'Эшонқалъа мфй ', 12, 8, NULL, NULL, 43),
(363, 'Арбек мфй ', 12, 8, NULL, NULL, 44),
(364, 'Мах(Оқкўл) мфй', 12, 8, NULL, NULL, 45),
(365, 'Махтумқули мфй ', 12, 8, NULL, NULL, 46),
(366, 'Катқалъа мфй ', 12, 8, NULL, NULL, 47),
(367, 'Тупроққалъа мфй', 12, 8, NULL, NULL, 48),
(368, 'Ботирлар мфй', 12, 8, NULL, NULL, 49),
(369, 'Устахунарманд мфй', 12, 8, NULL, NULL, 50),
(370, 'Янгитурмуш мфй ', 12, 8, NULL, NULL, 51),
(371, 'Олтинқалъа мфй', 12, 8, NULL, NULL, 52),
(372, 'Бўйрачи мфй', 12, 8, NULL, NULL, 53),
(373, 'Бўй(Оқкўл) мфй', 12, 8, NULL, NULL, 54),
(374, 'Остона мфй', 12, 8, NULL, NULL, 55),
(375, 'Қўриқтом МФЙ', 12, 9, NULL, NULL, 1),
(376, 'Пўрсанг МФЙ ', 12, 9, NULL, NULL, 2),
(377, '\"Янгиер\" МФЙ', 12, 9, NULL, NULL, 3),
(378, '\"Ширшоли\"  МФЙ', 12, 9, NULL, NULL, 4),
(379, '\" Арбоблар  \"  МФЙ', 12, 9, NULL, NULL, 5),
(380, 'Қўнғирот МФЙ', 12, 9, NULL, NULL, 6),
(381, 'Аччиққуйи МФЙ', 12, 9, NULL, NULL, 8),
(382, 'Таган МФЙ', 12, 9, NULL, NULL, 9),
(383, 'Савган МФЙ', 12, 9, NULL, NULL, 10),
(384, 'Киллавит  МФЙ', 12, 9, NULL, NULL, 11),
(385, 'Гулшанда  МФЙ', 12, 9, NULL, NULL, 12),
(386, 'Гулбоғ МФЙ', 12, 9, NULL, NULL, 13),
(387, 'Дустлик МФЙ', 12, 9, NULL, NULL, 14),
(388, 'Боёт МФЙ ', 12, 9, NULL, NULL, 15),
(389, 'Вакиллар МФЙ', 12, 9, NULL, NULL, 16),
(390, 'Каттабог МФЙ', 12, 9, NULL, NULL, 17),
(391, 'Ғалтак  МФЙ', 12, 9, NULL, NULL, 18),
(392, 'Эгрисолма МФЙ', 12, 9, NULL, NULL, 19),
(393, ' Жалоил МФЙ', 12, 9, NULL, NULL, 20),
(394, 'Қармиш МФЙ', 12, 9, NULL, NULL, 21),
(395, '\"Шихбоғи\" МФЙ', 12, 9, NULL, NULL, 22),
(396, '\"Шеробод\" МФЙ', 12, 9, NULL, NULL, 23),
(397, '\"Остона \"  МФЙ', 12, 9, NULL, NULL, 24),
(398, 'Чакир  МФЙ', 12, 9, NULL, NULL, 25),
(399, '\"Хўжалар  МФЙ', 12, 9, NULL, NULL, 26),
(400, '\"Қўшлоқ\"  МФЙ', 12, 9, NULL, NULL, 27),
(401, '\"Сардорлар \"  МФЙ', 12, 9, NULL, NULL, 28),
(402, '\"Қоракўз \"  МФЙ', 12, 9, NULL, NULL, 29),
(403, 'Чиқирчи МФЙ', 12, 9, NULL, NULL, 30),
(404, 'Тузлок МФЙ', 12, 9, NULL, NULL, 31),
(405, 'Уйгур МФЙ', 12, 9, NULL, NULL, 32),
(406, 'Ангариқ МФЙ', 12, 9, NULL, NULL, 33),
(407, 'Улуғбек МФЙ', 12, 9, NULL, NULL, 34),
(408, 'Тузлок МФЙ', 12, 9, NULL, NULL, 35),
(409, '\"Янгиариқ\"  МФЙ', 12, 9, NULL, NULL, 36),
(410, 'Огаҳий   МФЙ', 12, 9, NULL, NULL, 37),
(411, 'Янгиобод  ШФЙ', 12, 9, NULL, NULL, 38),
(412, 'Урганч  МФЙ', 12, 9, NULL, NULL, 39),
(413, 'Гулистон', 12, 10, NULL, NULL, 1),
(414, 'Ширинлар', 12, 10, NULL, NULL, 2),
(415, 'Бўстон', 12, 10, NULL, NULL, 3),
(416, 'Наврўз', 12, 10, NULL, NULL, 4),
(417, 'Оча-қалъа', 12, 10, NULL, NULL, 5),
(418, 'Пахлавон Махмуд', 12, 10, NULL, NULL, 6),
(419, 'Мангитлар', 12, 10, NULL, NULL, 7),
(420, 'Барҳаёт', 12, 10, NULL, NULL, 8),
(421, 'Тозадурман', 12, 10, NULL, NULL, 9),
(422, 'Ҳамид Олимжон', 12, 10, NULL, NULL, 10),
(423, 'Хайват', 12, 10, NULL, NULL, 11),
(424, 'Шоирлар', 12, 10, NULL, NULL, 12),
(425, 'Халқобод', 12, 10, NULL, NULL, 13),
(426, 'Қоратепа', 12, 10, NULL, NULL, 14),
(427, 'Дўстлик', 12, 10, NULL, NULL, 15),
(428, 'Олтинкўл', 12, 10, NULL, NULL, 16),
(429, 'Чўболончи', 12, 10, NULL, NULL, 17),
(430, 'Юкори-Бошкир', 12, 10, NULL, NULL, 18),
(431, 'Навбахор', 12, 10, NULL, NULL, 19),
(432, 'Жайхун', 12, 10, NULL, NULL, 20),
(433, 'Янги ёп', 12, 10, NULL, NULL, 21),
(434, 'Истиқлол', 12, 10, NULL, NULL, 22),
(435, 'Ифтихор', 12, 10, NULL, NULL, 23),
(436, 'Қадрият', 12, 10, NULL, NULL, 24),
(437, 'Минг Боғолон', 12, 10, NULL, NULL, 25),
(438, 'Боғолон', 12, 10, NULL, NULL, 26),
(439, 'Қиёт', 12, 10, NULL, NULL, 27),
(440, 'Катли', 12, 10, NULL, NULL, 28),
(441, 'Саяпир МФЙ', 12, 199, NULL, NULL, 1),
(442, 'Саидлар МФЙ', 12, 199, NULL, NULL, 2),
(443, 'А.Ибрагимов МФЙ', 12, 199, NULL, NULL, 3),
(444, 'Тупроққалъа маскани МФЙ', 12, 199, NULL, NULL, 4),
(445, 'Охунбобоев МФЙ', 12, 199, NULL, NULL, 5),
(446, 'Пастом МФЙ', 12, 199, NULL, NULL, 6),
(447, 'Шарлауқ МФЙ', 12, 199, NULL, NULL, 7),
(448, 'Ҳазорасп МФЙ', 12, 199, NULL, NULL, 8),
(449, 'Ёшлик МФЙ', 12, 199, NULL, NULL, 9),
(450, 'Обод МФЙ', 12, 199, NULL, NULL, 10),
(451, 'Навбаҳор МФЙ', 12, 199, NULL, NULL, 11),
(452, 'Саримой МФЙ', 12, 199, NULL, NULL, 12),
(453, 'Шехлар МФЙ', 12, 199, NULL, NULL, 13),
(454, 'Мухаббат МФЙ', 12, 199, NULL, NULL, 14),
(455, 'Нукус МФЙ', 12, 199, NULL, NULL, 15),
(456, 'Равот МФЙ ', 12, 1, NULL, NULL, 1),
(457, 'Ок ёп МФЙ ', 12, 1, NULL, NULL, 2),
(458, 'Қўнғирот МФЙ ', 12, 1, NULL, NULL, 3),
(459, 'Заргарлар МФЙ ', 12, 1, NULL, NULL, 4),
(460, 'Катта боғ МФЙ', 12, 1, NULL, NULL, 5),
(461, 'Юқорижирмиз МФЙ ', 12, 1, NULL, NULL, 6),
(462, 'Қоромон МФЙ ', 12, 1, NULL, NULL, 7),
(463, 'Беруний МФЙ ', 12, 1, NULL, NULL, 8),
(464, 'Тандирчи МФЙ ', 12, 1, NULL, NULL, 9),
(465, 'Оёқбоғ МФЙ ', 12, 1, NULL, NULL, 10),
(466, 'Адолат МФЙ', 12, 1, NULL, NULL, 11),
(467, 'Оқ мактаб МФЙ ', 12, 1, NULL, NULL, 12),
(468, 'Шохидонлар МФЙ ', 12, 1, NULL, NULL, 13),
(469, 'Хожибойлар МФЙ ', 12, 1, NULL, NULL, 14),
(470, 'Туркманлар МФЙ ', 12, 1, NULL, NULL, 15),
(471, 'Чулобод МФЙ ', 12, 1, NULL, NULL, 16),
(472, 'Янги ўрта боғ', 12, 1, NULL, NULL, 17),
(473, 'Киллавут МФЙ ', 12, 1, NULL, NULL, 18),
(474, 'Чондир МФЙ ', 12, 1, NULL, NULL, 19),
(475, 'Қиёт МФЙ ', 12, 1, NULL, NULL, 20),
(476, 'Боқайлар МФЙ ', 12, 1, NULL, NULL, 21),
(477, 'Қайчили МФЙ ', 12, 1, NULL, NULL, 22),
(478, 'Тадқиқотчилар МФЙ ', 12, 1, NULL, NULL, 23),
(479, 'Оқ олтин МФЙ ', 12, 1, NULL, NULL, 24),
(480, 'Боғдорчи МФЙ ', 12, 1, NULL, NULL, 25),
(481, 'Х.Олимжон МФЙ ', 12, 1, NULL, NULL, 26),
(482, 'Куна овул МФЙ ', 12, 1, NULL, NULL, 27),
(483, 'Қипчоқ МФЙ ', 12, 1, NULL, NULL, 28),
(484, 'Бободехқон МФЙ', 12, 1, NULL, NULL, 29),
(485, 'Мироблар МФЙ ', 12, 1, NULL, NULL, 30),
(486, 'Мерган овул МФЙ ', 12, 1, NULL, NULL, 31),
(487, 'Жайхун МФЙ ', 12, 1, NULL, NULL, 32),
(488, 'Анжирчилар МФЙ ', 12, 1, NULL, NULL, 33),
(489, 'Юқориовул МФЙ ', 12, 1, NULL, NULL, 34),
(490, 'Уйшин МФЙ ', 12, 1, NULL, NULL, 35),
(491, 'Араблар МФЙ ', 12, 1, NULL, NULL, 36),
(492, 'Учкўприк МФЙ ', 12, 1, NULL, NULL, 37),
(493, 'Бешайвон МФЙ                           ', 12, 1, NULL, NULL, 38),
(494, 'Шерматлар МФЙ ', 12, 1, NULL, NULL, 39),
(495, 'Оқ ариклар МФЙ ', 12, 1, NULL, NULL, 40),
(496, 'Шоликор МФЙ ', 12, 1, NULL, NULL, 41),
(497, 'Чакка кўли МФЙ', 12, 1, NULL, NULL, 42),
(498, 'Ўртадўрман  МФЙ ', 12, 1, NULL, NULL, 43),
(499, 'Янгиобод', 12, 1, NULL, NULL, 44),
(500, 'Қумравот МФЙ ', 12, 1, NULL, NULL, 45),
(501, 'Обод МФЙ ', 12, 1, NULL, NULL, 46),
(502, 'Ғалаба МФЙ ', 12, 1, NULL, NULL, 47),
(503, 'Олтин кўл МФЙ ', 12, 1, NULL, NULL, 48),
(504, 'Арбоблар МФЙ ', 12, 1, NULL, NULL, 49),
(505, 'Ёшлик МФЙ ', 12, 1, NULL, NULL, 50),
(506, 'Мевазор МФЙ ', 12, 1, NULL, NULL, 51),
(507, 'Шодлик МФЙ', 12, 1, NULL, NULL, 52),
(508, 'Бўстон МФЙ', 12, 1, NULL, NULL, 53),
(509, 'Хидоят МФЙ ', 12, 1, NULL, NULL, 54),
(510, 'Орзу  МФЙ ', 12, 1, NULL, NULL, 55),
(511, 'Бахшилар МФЙ ', 12, 1, NULL, NULL, 56),
(512, 'Хилол МФЙ ', 12, 1, NULL, NULL, 57),
(513, 'Гулобод МФЙ', 12, 1, NULL, NULL, 58),
(514, 'М.Хоразмий МФЙ ', 12, 1, NULL, NULL, 59),
(515, 'К.Отаниязов МФЙ ', 12, 1, NULL, NULL, 60),
(516, 'Боғироғлар  МФЙ', 12, 5, NULL, NULL, 1),
(517, 'Зиёлилар', 12, 5, NULL, NULL, 2),
(518, 'Амударё МФЙ', 12, 5, NULL, NULL, 3),
(519, 'Боғдор МФЙ', 12, 5, NULL, NULL, 4),
(520, 'Богиэрам  МФЙ', 12, 5, NULL, NULL, 5),
(521, 'Бўстон  МФЙ', 12, 5, NULL, NULL, 6),
(522, 'Зехнли   МФЙ', 12, 5, NULL, NULL, 7),
(523, 'Буюк Аждодлар МФЙ', 12, 5, NULL, NULL, 8),
(524, 'Буюк сиймо МФЙ', 12, 5, NULL, NULL, 9),
(525, 'Ғ.Ғулом  МФЙ', 12, 5, NULL, NULL, 10),
(526, 'Гулзор МФЙ', 12, 5, NULL, NULL, 11),
(527, 'Камолот  МФЙ', 12, 5, NULL, NULL, 12),
(528, 'Ишчилар  ', 12, 5, NULL, NULL, 13),
(529, 'Карвак  МФЙ', 12, 5, NULL, NULL, 14),
(530, 'Киртепа  МФЙ', 12, 5, NULL, NULL, 15),
(531, 'Қовунчи   МФЙ', 12, 5, NULL, NULL, 16),
(532, 'Минг Отлиқлар МФЙ', 12, 5, NULL, NULL, 17),
(533, 'Мунис Хоразмий', 12, 5, NULL, NULL, 18),
(534, 'Мустақиллик МФЙ', 12, 5, NULL, NULL, 19),
(535, 'Янги хаёт МФЙ', 12, 5, NULL, NULL, 20),
(536, 'Овшар МФЙ', 12, 5, NULL, NULL, 21),
(537, 'Наврўз ', 12, 5, NULL, NULL, 22),
(538, 'Ойбек ', 12, 5, NULL, NULL, 23),
(539, ' - Алоқали кўл МФЙ', 12, 5, NULL, NULL, 24),
(540, ' - Оталиқ МФЙ', 12, 5, NULL, NULL, 25),
(541, 'Пахлавон Махмуд  МФЙ', 12, 5, NULL, NULL, 26),
(542, 'Пичоқчи МФЙ', 12, 5, NULL, NULL, 27),
(543, 'Саноат  МФЙ', 12, 5, NULL, NULL, 28),
(544, 'Сулаймон калъаси МФЙ', 12, 5, NULL, NULL, 29),
(545, 'Ўзбекистон МФЙ', 12, 5, NULL, NULL, 30),
(546, 'Шовот МФЙ', 12, 5, NULL, NULL, 31),
(547, 'Ширин қудуқ МФЙ', 12, 5, NULL, NULL, 32),
(548, 'Шодухуррам МФЙ', 12, 5, NULL, NULL, 33),
(549, 'Шукрона   МФЙ', 12, 5, NULL, NULL, 34),
(550, 'Юқори Шоват МФЙ', 12, 5, NULL, NULL, 35),
(551, ' - Янгибозор МФЙ', 12, 5, NULL, NULL, 36),
(552, 'Янги обод  МФЙ', 12, 5, NULL, NULL, 37),
(553, ' - Жувархоз МФЙ', 12, 5, NULL, NULL, 38),
(554, 'Ж.Мангуберди ', 12, 5, NULL, NULL, 39),
(555, 'Темирчи-маскан  МФЙ', 12, 5, NULL, NULL, 40),
(556, 'Оқ майдон  МФЙ', 12, 5, NULL, NULL, 41),
(557, 'Ал-Хоразмий МФЙ', 12, 5, NULL, NULL, 42),
(558, 'Истиқлол МФЙ', 12, 5, NULL, NULL, 43),
(559, 'Мухомон МФЙ', 12, 5, NULL, NULL, 44);

-- --------------------------------------------------------

--
-- Table structure for table `setting`
--

CREATE TABLE `setting` (
  `id` int(32) NOT NULL,
  `code` varchar(255) NOT NULL,
  `name` varchar(255) NOT NULL,
  `value` varchar(255) NOT NULL,
  `type` int(11) NOT NULL
) ENGINE=InnoDB DEFAULT CHARSET=utf8mb4;

-- --------------------------------------------------------

--
-- Table structure for table `user`
--

CREATE TABLE `user` (
  `id` int(32) NOT NULL,
  `name` varchar(255) NOT NULL,
  `email` varchar(255) NOT NULL,
  `password` varchar(500) NOT NULL,
  `image` varchar(255) DEFAULT NULL,
  `phone` varchar(255) NOT NULL,
  `role_id` int(11) NOT NULL,
  `region_id` int(11) NOT NULL,
  `district_id` int(11) NOT NULL,
  `village_id` int(11) NOT NULL,
  `villages` text DEFAULT NULL,
  `address` varchar(255) DEFAULT NULL,
  `auth_key` varchar(500) DEFAULT NULL,
  `token` varchar(500) DEFAULT NULL,
  `created` datetime NOT NULL DEFAULT current_timestamp(),
  `updated` datetime NOT NULL DEFAULT current_timestamp() ON UPDATE current_timestamp(),
  `comp_id` text DEFAULT NULL,
  `status` int(11) NOT NULL DEFAULT 1,
  `active_to` date DEFAULT NULL,
  `active_each` date DEFAULT NULL
) ENGINE=InnoDB DEFAULT CHARSET=utf8mb4;

--
-- Dumping data for table `user`
--

INSERT INTO `user` (`id`, `name`, `email`, `password`, `image`, `phone`, `role_id`, `region_id`, `district_id`, `village_id`, `villages`, `address`, `auth_key`, `token`, `created`, `updated`, `comp_id`, `status`, `active_to`, `active_each`) VALUES
(1, 'Allabergenov Dilmurod', 'admin@e-pilla.uz', '$2y$13$qrJCiLH0IhD8sJurDhGnFue4UdzjPzU79WCSBMRzZ4EUsw./.LyAC', 'default.jpg', '+998999670395', 100, 12, 1, 460, NULL, 'asd', NULL, NULL, '2021-07-16 17:05:46', '2021-07-20 17:32:47', '', 1, NULL, NULL),
(2, 'Sobirov Alisher', 'info@e-pilla.uz', '$2y$13$mg.0VMlBAPE0I/uqx.BAwOfnX2qtdNO7M6I/DTFNLueohX59wLHhS', 'default.jpg', '+998999677613', 20, 12, 1, 456, NULL, '-', NULL, NULL, '2021-07-20 16:18:25', '2021-07-20 19:36:28', '', 1, NULL, NULL),
(3, 'agronom', 'agronom@e-pilla.uz', '$2y$13$0tRJKhjBNh7v/CGFBYVtJ.EqtSBCpoxPqkgvHHkJe8Bfpd79VmSca', 'default.jpg', '+998999671234', 9, 12, 1, 456, '[\"456\",\"457\",\"458\"]', '4', NULL, NULL, '2021-07-20 17:34:54', '2021-07-22 10:49:28', '', 1, NULL, NULL),
(4, 'tap', 'tap@e-pilla.uz', '$2y$13$9fud4OfLkVIKynPT0ZHDDO5JQo5MdfXr.oMvoUoI7KJT2wiZB1NxW', 'default.jpg', '+998991234567', 8, 12, 1, 456, NULL, '-', NULL, NULL, '2021-07-20 17:35:47', '2021-07-20 17:35:47', '', 1, NULL, NULL),
(5, 'klaster', 'klaster@e-pilla.uz', '$2y$13$VCejKeUOsONtjRfMePJRuOBRfaw8NGVozl5B42lStP.K4gJadnJSu', 'default.jpg', '+998991234567', 60, 12, 1, 456, NULL, '-', NULL, NULL, '2021-07-20 17:37:16', '2021-07-20 17:37:16', '', 1, NULL, NULL),
(7, 'agronom1', 'agronom1@e-pilla.uz', '$2y$13$SJ53ybx76nQ7JUI.o0UcJOb5c2KqkIFHwnaMUNB0U/mWqcKWOihc.', 'default.jpg', '+998999670395', 9, 12, 1, 456, '[\"459\",\"460\",\"461\"]', 'agronom1', NULL, NULL, '2021-07-22 11:27:53', '2021-07-22 11:27:53', '', 1, NULL, NULL);

-- --------------------------------------------------------

--
-- Table structure for table `user_role`
--

CREATE TABLE `user_role` (
  `id` int(11) NOT NULL,
  `name` varchar(255) NOT NULL
) ENGINE=InnoDB DEFAULT CHARSET=utf8mb4;

--
-- Dumping data for table `user_role`
--

INSERT INTO `user_role` (`id`, `name`) VALUES
(8, 'TAP'),
(9, 'Agronom'),
(10, 'Fermer'),
(20, 'Ma\'lumot kirituvchi'),
(30, 'Monitoring'),
(40, 'Viloyat bo\'yicha Ma\'lumot kirituvchi'),
(50, 'Hudud boshig\'i'),
(60, 'Klaster'),
(70, 'Tuman Hokimi'),
(80, 'Viloyat hokimi'),
(90, 'Rahbar'),
(100, 'Administrator'),
(200, 'superadmin');

--
-- Indexes for dumped tables
--

--
-- Indexes for table `farmer`
--
ALTER TABLE `farmer`
  ADD PRIMARY KEY (`id`);

--
-- Indexes for table `kasanachi`
--
ALTER TABLE `kasanachi`
  ADD PRIMARY KEY (`id`);

--
-- Indexes for table `kasanachi_tutzor_sxema`
--
ALTER TABLE `kasanachi_tutzor_sxema`
  ADD PRIMARY KEY (`id`);

--
-- Indexes for table `loc_district`
--
ALTER TABLE `loc_district`
  ADD PRIMARY KEY (`id`),
  ADD KEY `region_id` (`region_id`);

--
-- Indexes for table `loc_region`
--
ALTER TABLE `loc_region`
  ADD PRIMARY KEY (`id`);

--
-- Indexes for table `loc_village`
--
ALTER TABLE `loc_village`
  ADD PRIMARY KEY (`id`),
  ADD KEY `district_id` (`district_id`),
  ADD KEY `region_id` (`region_id`);

--
-- Indexes for table `setting`
--
ALTER TABLE `setting`
  ADD PRIMARY KEY (`id`);

--
-- Indexes for table `user`
--
ALTER TABLE `user`
  ADD PRIMARY KEY (`id`),
  ADD UNIQUE KEY `email` (`email`);

--
-- Indexes for table `user_role`
--
ALTER TABLE `user_role`
  ADD PRIMARY KEY (`id`);

--
-- AUTO_INCREMENT for dumped tables
--

--
-- AUTO_INCREMENT for table `farmer`
--
ALTER TABLE `farmer`
  MODIFY `id` int(32) NOT NULL AUTO_INCREMENT;

--
-- AUTO_INCREMENT for table `kasanachi`
--
ALTER TABLE `kasanachi`
  MODIFY `id` int(64) NOT NULL AUTO_INCREMENT, AUTO_INCREMENT=2;

--
-- AUTO_INCREMENT for table `kasanachi_tutzor_sxema`
--
ALTER TABLE `kasanachi_tutzor_sxema`
  MODIFY `id` int(11) NOT NULL AUTO_INCREMENT, AUTO_INCREMENT=6;

--
-- AUTO_INCREMENT for table `loc_district`
--
ALTER TABLE `loc_district`
  MODIFY `id` int(11) NOT NULL AUTO_INCREMENT, AUTO_INCREMENT=201;

--
-- AUTO_INCREMENT for table `loc_village`
--
ALTER TABLE `loc_village`
  MODIFY `id` int(11) NOT NULL AUTO_INCREMENT, AUTO_INCREMENT=560;

--
-- AUTO_INCREMENT for table `setting`
--
ALTER TABLE `setting`
  MODIFY `id` int(32) NOT NULL AUTO_INCREMENT;

--
-- AUTO_INCREMENT for table `user`
--
ALTER TABLE `user`
  MODIFY `id` int(32) NOT NULL AUTO_INCREMENT, AUTO_INCREMENT=8;

--
-- AUTO_INCREMENT for table `user_role`
--
ALTER TABLE `user_role`
  MODIFY `id` int(11) NOT NULL AUTO_INCREMENT, AUTO_INCREMENT=201;

--
-- Constraints for dumped tables
--

--
-- Constraints for table `loc_district`
--
ALTER TABLE `loc_district`
  ADD CONSTRAINT `loc_district_ibfk_1` FOREIGN KEY (`region_id`) REFERENCES `loc_region` (`id`) ON DELETE NO ACTION ON UPDATE NO ACTION;

--
-- Constraints for table `loc_village`
--
ALTER TABLE `loc_village`
  ADD CONSTRAINT `loc_village_ibfk_1` FOREIGN KEY (`district_id`) REFERENCES `loc_district` (`id`) ON DELETE NO ACTION ON UPDATE NO ACTION,
  ADD CONSTRAINT `loc_village_ibfk_2` FOREIGN KEY (`region_id`) REFERENCES `loc_region` (`id`) ON DELETE NO ACTION ON UPDATE NO ACTION;
COMMIT;

/*!40101 SET CHARACTER_SET_CLIENT=@OLD_CHARACTER_SET_CLIENT */;
/*!40101 SET CHARACTER_SET_RESULTS=@OLD_CHARACTER_SET_RESULTS */;
/*!40101 SET COLLATION_CONNECTION=@OLD_COLLATION_CONNECTION */;
